id,id2,displaylabel,rescen42010,resbase42010,respop72010,respop72011,respop72012,respop72013,respop72014,respop72015,respop72016
Id,Id2,Geography,"April 1, 2010 - Census","April 1, 2010 - Estimates Base",Population Estimate (as of July 1) - 2010,Population Estimate (as of July 1) - 2011,Population Estimate (as of July 1) - 2012,Population Estimate (as of July 1) - 2013,Population Estimate (as of July 1) - 2014,Population Estimate (as of July 1) - 2015,Population Estimate (as of July 1) - 2016
1620000US4800100,4800100,"Abbott",356,361,361,362,361,358,357,358,360
1620000US4800160,4800160,"Abernathy",2805,2816,2822,2836,2827,2808,2752,2744,2765
1620000US4801000,4801000,"Abilene",117063,117463,117788,118775,119932,119966,120822,121902,122225
1620000US4801108,4801108,"Ackerly",220,220,220,220,219,225,230,232,233
1620000US4801240,4801240,"Addison",13056,13062,13091,13786,15165,15389,15427,15475,15368
1620000US4801324,4801324,"Adrian",166,166,166,168,165,169,168,166,167
1620000US4801396,4801396,"Agua Dulce",812,812,811,811,816,821,819,814,811
1620000US4801576,4801576,"Alamo",18353,18379,18452,18642,18778,18885,19036,19171,19220
1620000US4801600,4801600,"Alamo Heights",7031,7031,7065,7200,7362,7568,7808,8023,8284
1620000US4801636,4801636,"Alba",504,502,503,503,503,504,506,510,516
1620000US4801648,4801648,"Albany",2034,2034,2029,1989,2004,2006,1970,1985,1983
1620000US4801744,4801744,"Aledo",2716,2701,2719,2766,2809,2884,3094,3397,3761
1620000US4801852,4801852,"Alice",19104,19109,19130,19292,19516,19546,19444,19440,19285
1620000US4801924,4801924,"Allen",84246,84275,84935,87796,89920,92250,94150,97990,99179
1620000US4802044,4802044,"Alma",331,331,332,334,336,339,347,355,363
1620000US4802104,4802104,"Alpine",5905,5993,6020,6080,6005,6028,5934,5920,5988
1620000US4802188,4802188,"Alto",1225,1225,1227,1223,1221,1213,1209,1222,1228
1620000US4802212,4802212,"Alton",12341,13917,14021,14356,14787,15008,15474,15713,16895
1620000US4802260,4802260,"Alvarado",3785,3752,3761,3748,3759,3772,3847,3954,3993
1620000US4802272,4802272,"Alvin",24236,24225,24304,24713,24963,25067,25476,25734,26164
1620000US4802284,4802284,"Alvord",1334,1334,1333,1351,1360,1369,1379,1402,1435
1620000US4803000,4803000,"Amarillo",190695,190666,191327,193910,195632,196635,197645,198346,199582
1620000US4803072,4803072,"Ames",1003,1003,1007,1007,1014,1023,1041,1061,1093
1620000US4803084,4803084,"Amherst",721,721,722,724,716,704,694,685,680
1620000US4803144,4803144,"Anahuac",2243,2241,2248,2238,2261,2300,2311,2321,2339
1620000US4803192,4803192,"Anderson",222,222,222,223,223,223,225,229,230
1620000US4803216,4803216,"Andrews",11088,11098,11140,11596,12168,12702,13206,13772,13574
1620000US4803264,4803264,"Angleton",18862,18873,18874,18892,18963,18982,19409,19418,19491
1620000US4803288,4803288,"Angus",414,416,416,417,415,413,414,416,417
1620000US4803300,4803300,"Anna",8249,8184,8220,8385,8474,9487,10459,11345,11940
1620000US4803336,4803336,"Annetta",1288,1290,1292,1302,1315,1326,1380,1440,1489
1620000US4803340,4803340,"Annetta North",518,497,498,501,504,509,517,527,536
1620000US4803342,4803342,"Annetta South",526,506,507,511,513,518,526,536,546
1620000US4803360,4803360,"Annona",315,315,315,311,311,305,304,301,297
1620000US4803372,4803372,"Anson",2430,2430,2430,2393,2355,2345,2316,2328,2329
1620000US4803432,4803432,"Anthony",5011,5011,5036,5096,5185,5318,5421,5506,5584
1620000US4803540,4803540,"Anton",1126,1126,1122,1125,1127,1143,1139,1126,1115
1620000US4803564,4803564,"Appleby",474,472,473,475,478,470,470,472,472
1620000US4803588,4803588,"Aquilla",109,109,109,109,109,108,108,108,109
1620000US4803600,4803600,"Aransas Pass",8204,8204,8173,8165,8244,8341,8456,8523,8393
1620000US4803696,4803696,"Archer City",1834,1834,1843,1784,1773,1766,1773,1752,1746
1620000US4803708,4803708,"Arcola",1642,1609,1631,1698,1772,1871,1982,2092,2202
1620000US4803768,4803768,"Argyle",3282,3247,3265,3350,3453,3571,3728,3890,4006
1620000US4804000,4804000,"Arlington",365438,365399,366248,370729,376082,379354,382960,388534,392772
1620000US4804156,4804156,"Arp",970,966,969,976,980,981,986,994,1002
1620000US4804300,4804300,"Asherton",1084,1046,1050,1055,1094,1135,1147,1141,1118
1620000US4804408,4804408,"Aspermont",919,917,920,910,901,879,863,870,879
1620000US4804504,4804504,"Athens",12710,12706,12719,12790,12819,12767,12774,12759,12811
1620000US4804516,4804516,"Atlanta",5675,5671,5662,5673,5610,5633,5620,5629,5638
1620000US4804600,4804600,"Aubrey",2595,2610,2628,2682,2708,2724,2815,3344,3383
1620000US4804672,4804672,"Aurora",1220,1220,1219,1245,1251,1259,1268,1306,1356
1620000US4805000,4805000,"Austin",790390,811045,815587,838599,864483,885343,911390,930152,947890
1620000US4805036,4805036,"Austwell",147,147,147,146,146,148,151,150,149
1620000US4805072,4805072,"Avery",482,477,477,470,471,462,460,457,449
1620000US4805084,4805084,"Avinger",444,444,443,445,440,443,441,441,440
1620000US4805168,4805168,"Azle",10947,10899,10925,11048,11184,11264,11483,11666,12064
1620000US4805264,4805264,"Bailey",289,289,289,289,288,287,287,286,289
1620000US4805288,4805288,"Bailey's Prairie village",727,726,729,739,751,756,764,773,773
1620000US4805336,4805336,"Baird",1496,1496,1493,1492,1497,1488,1483,1491,1513
1620000US4805372,4805372,"Balch Springs",23728,23897,23956,24402,24863,25046,25093,25151,25017
1620000US4805384,4805384,"Balcones Heights",2941,2748,2757,2792,2825,2856,2900,3248,3286
1620000US4805456,4805456,"Ballinger",3767,3768,3769,3786,3735,3681,3706,3762,3731
1620000US4805468,4805468,"Balmorhea",479,479,480,479,486,495,509,525,531
1620000US4805528,4805528,"Bandera",857,857,859,856,852,844,846,854,873
1620000US4805552,4805552,"Bangs",1603,1613,1612,1601,1596,1583,1571,1580,1584
1620000US4805612,4805612,"Bardwell",649,649,651,655,660,665,669,674,683
1620000US4805708,4805708,"Barry",242,242,242,242,244,245,246,247,250
1620000US4805720,4805720,"Barstow",349,349,347,350,355,368,377,378,373
1620000US4805732,4805732,"Bartlett",1623,2676,2688,2698,2726,2737,2742,2742,2752
1620000US4805768,4805768,"Bartonville",1469,1566,1574,1606,1621,1636,1660,1675,1694
1620000US4805864,4805864,"Bastrop",7218,7216,7237,7349,7390,7545,7869,8237,8519
1620000US4805984,4805984,"Bay City",17614,17618,17613,17594,17509,17441,17370,17648,17809
1620000US4806060,4806060,"Bayou Vista",1537,1534,1537,1536,1545,1552,1565,1588,1612
1620000US4806104,4806104,"Bayside",325,325,326,326,322,326,332,334,333
1620000US4806128,4806128,"Baytown",71802,71709,71874,72624,73345,75306,75843,76030,75992
1620000US4806140,4806140,"Bayview",383,377,378,380,384,387,388,390,395
1620000US4806200,4806200,"Beach City",2198,2277,2296,2334,2392,2452,2522,2564,2614
1620000US4806242,4806242,"Bear Creek village",382,382,383,387,391,398,406,419,436
1620000US4806272,4806272,"Beasley",641,644,646,646,649,659,662,663,665
1620000US4807000,4807000,"Beaumont",118296,117265,117371,117802,116826,117869,117484,118125,118299
1620000US4807108,4807108,"Beckville",847,847,846,855,853,846,844,841,834
1620000US4807132,4807132,"Bedford",46979,46994,47086,47682,48214,48527,48889,49195,49528
1620000US4807144,4807144,"Bedias",443,441,442,444,443,444,448,454,457
1620000US4807156,4807156,"Bee Cave",3925,3954,4028,4465,4874,5309,5980,6346,6535
1620000US4807192,4807192,"Beeville",12863,12858,12856,12989,13094,13267,13285,13222,13250
1620000US4807300,4807300,"Bellaire",16855,16852,16900,17175,17460,17866,18235,18490,18593
1620000US4807396,4807396,"Bellevue",362,362,361,359,354,352,349,347,343
1620000US4807408,4807408,"Bellmead",9901,9901,9927,9958,10021,10084,10175,10228,10306
1620000US4807420,4807420,"Bells",1392,1392,1394,1386,1395,1400,1407,1426,1456
1620000US4807432,4807432,"Bellville",4097,4097,4097,4121,4112,4141,4182,4254,4274
1620000US4807492,4807492,"Belton",18216,18178,18433,18872,19344,19616,20229,20631,20873
1620000US4807528,4807528,"Benavides",1362,1362,1354,1352,1342,1339,1334,1320,1324
1620000US4807552,4807552,"Benbrook",21234,21230,21292,21596,21937,22171,22341,22599,22948
1620000US4807636,4807636,"Benjamin",258,258,258,260,262,261,267,267,264
1620000US4807852,4807852,"Berryville",975,975,976,981,998,997,1013,1012,1015
1620000US4807864,4807864,"Bertram",1353,1351,1351,1362,1361,1346,1368,1381,1392
1620000US4808104,4808104,"Beverly Hills",1995,2024,2030,2039,2038,2038,2039,2030,2022
1620000US4808128,4808128,"Bevil Oaks",1274,1274,1273,1262,1245,1249,1245,1244,1242
1620000US4808212,4808212,"Big Lake",2936,2936,2919,2951,3021,3137,3251,3261,3152
1620000US4808224,4808224,"Big Sandy",1343,1343,1345,1357,1360,1354,1370,1370,1382
1620000US4808236,4808236,"Big Spring",27282,27282,27283,27261,27623,28131,28355,28862,28532
1620000US4808260,4808260,"Big Wells",697,697,700,702,729,759,766,765,750
1620000US4808392,4808392,"Bishop",3134,3134,3129,3140,3168,3186,3170,3148,3134
1620000US4808398,4808398,"Bishop Hills",193,193,193,194,193,189,188,185,183
1620000US4808488,4808488,"Blackwell",311,311,312,310,306,308,310,311,310
1620000US4808536,4808536,"Blanco",1739,1769,1769,1766,1785,1778,1870,1895,1956
1620000US4808596,4808596,"Blanket",390,390,390,387,387,385,381,382,383
1620000US4808752,4808752,"Bloomburg",404,402,401,403,399,401,399,399,398
1620000US4808788,4808788,"Blooming Grove",821,823,823,826,822,815,821,825,828
1620000US4808812,4808812,"Blossom",1494,1495,1496,1531,1544,1538,1548,1553,1561
1620000US4808860,4808860,"Blue Mound",2394,2393,2398,2421,2445,2459,2471,2484,2497
1620000US4808872,4808872,"Blue Ridge",822,796,799,812,818,815,822,830,831
1620000US4809004,4809004,"Blum",444,444,445,445,445,440,439,441,443
1620000US4809160,4809160,"Boerne",10471,10664,10740,11126,11647,12344,12899,13759,14725
1620000US4809172,4809172,"Bogata",1153,1154,1153,1145,1145,1122,1115,1105,1085
1620000US4809328,4809328,"Bonham",10127,10127,10127,10096,9957,10013,10077,10024,10123
1620000US4809388,4809388,"Bonney village",310,310,310,315,320,326,333,339,346
1620000US4809448,4809448,"Booker",1516,1516,1507,1532,1581,1591,1623,1631,1599
1620000US4809556,4809556,"Borger",13251,13350,13321,13146,13119,13041,13045,12986,12865
1620000US4809628,4809628,"Bovina",1868,1868,1869,1872,1847,1810,1803,1776,1777
1620000US4809640,4809640,"Bowie",5218,5218,5216,5232,5120,5096,5106,5113,5143
1620000US4809748,4809748,"Boyd",1207,1207,1209,1224,1235,1260,1288,1334,1370
1620000US4809868,4809868,"Brackettville",1688,1688,1686,1689,1698,1687,1636,1658,1674
1620000US4809916,4809916,"Brady",5528,5528,5491,5520,5513,5508,5441,5526,5425
1620000US4810072,4810072,"Brazoria",3019,3019,3019,3035,3042,3045,3069,3068,3071
1620000US4810087,4810087,"Brazos Bend",305,310,310,311,313,316,320,327,334
1620000US4810090,4810090,"Brazos Country",469,469,468,471,470,472,476,484,486
1620000US4810132,4810132,"Breckenridge",5780,5780,5764,5715,5672,5535,5555,5564,5563
1620000US4810144,4810144,"Bremond",929,929,926,929,918,921,921,933,943
1620000US4810156,4810156,"Brenham",15716,15824,15852,16139,16095,16298,16434,16831,16989
1620000US4810197,4810197,"Briarcliff village",1438,1435,1446,1501,1552,1573,1593,1624,1664
1620000US4810216,4810216,"Briaroaks",492,488,488,488,492,490,492,495,501
1620000US4810252,4810252,"Bridge City",7840,7837,7848,7899,7906,7891,7925,7936,8165
1620000US4810264,4810264,"Bridgeport",5976,5975,5972,6049,6087,6157,6255,6361,6507
1620000US4810384,4810384,"Broaddus",207,207,207,207,206,204,199,196,195
1620000US4810528,4810528,"Bronte",999,999,999,981,969,964,974,971,979
1620000US4810636,4810636,"Brookshire",4702,4702,4723,4747,4796,4830,4973,5133,5233
1620000US4810648,4810648,"Brookside Village",1523,1515,1534,1537,1538,1542,1567,1568,1579
1620000US4810708,4810708,"Browndell",197,199,200,202,200,198,197,196,197
1620000US4810720,4810720,"Brownfield",9657,9657,9666,9679,9630,9682,9764,9749,9779
1620000US4810756,4810756,"Brownsboro",1039,1044,1045,1044,1046,1044,1065,1071,1080
1620000US4810768,4810768,"Brownsville",175023,175030,175692,178507,180077,181347,182618,182733,183823
1620000US4810780,4810780,"Brownwood",19288,19287,19272,19161,19009,19070,19049,19134,19153
1620000US4810828,4810828,"Bruceville-Eddy",1475,1477,1482,1490,1489,1491,1496,1494,1493
1620000US4810912,4810912,"Bryan",76201,76227,76535,77193,77840,79006,80690,81986,83260
1620000US4810960,4810960,"Bryson",539,539,537,537,532,532,527,526,520
1620000US4811020,4811020,"Buckholts",515,519,518,517,506,507,507,511,519
1620000US4811080,4811080,"Buda",7295,7343,7557,8645,9368,10151,11442,13712,15023
1620000US4811116,4811116,"Buffalo",1856,1855,1849,1861,1849,1841,1858,1887,1906
1620000US4811128,4811128,"Buffalo Gap",464,464,465,464,468,467,469,469,468
1620000US4811155,4811155,"Buffalo Springs village",453,448,450,450,449,450,449,449,449
1620000US4811212,4811212,"Bullard",2463,2469,2490,2550,2604,2664,2741,2826,3051
1620000US4811224,4811224,"Bulverde",4630,4550,4571,4637,4687,4765,4840,4923,5022
1620000US4811300,4811300,"Bunker Hill Village",3633,3650,3668,3732,3803,3863,3931,3970,3969
1620000US4811368,4811368,"Burkburnett",10811,10811,10822,10750,10836,11031,11168,11052,11095
1620000US4811380,4811380,"Burke",737,737,738,739,734,732,732,732,730
1620000US4811428,4811428,"Burleson",36690,36729,36918,38366,38989,40572,41719,43518,45016
1620000US4811464,4811464,"Burnet",5987,5988,5994,6037,6054,6066,6109,6217,6359
1620000US4811536,4811536,"Burton",300,297,297,296,296,297,299,301,298
1620000US4811644,4811644,"Byers",496,496,495,493,485,482,478,476,469
1620000US4811656,4811656,"Bynum",199,199,199,200,199,197,197,197,199
1620000US4811692,4811692,"Cactus",3179,3179,3193,3205,3242,3183,3177,3165,3178
1620000US4811716,4811716,"Caddo Mills",1338,1370,1372,1382,1398,1428,1463,1500,1554
1620000US4811836,4811836,"Caldwell",4104,4104,4114,4139,4182,4194,4230,4282,4326
1620000US4811968,4811968,"Callisburg",353,353,353,353,356,355,357,362,363
1620000US4811992,4811992,"Calvert",1192,1192,1188,1186,1152,1148,1139,1147,1142
1620000US4812040,4812040,"Cameron",5552,5545,5530,5524,5418,5427,5384,5472,5565
1620000US4812112,4812112,"Campbell",638,583,584,586,587,588,593,599,612
1620000US4812388,4812388,"Camp Wood",706,705,707,728,715,706,711,700,716
1620000US4812412,4812412,"Canadian",2649,2649,2641,2747,2826,2911,2939,3017,2915
1620000US4812472,4812472,"Caney City",217,217,217,217,217,216,217,218,220
1620000US4812496,4812496,"Canton",3581,3570,3574,3552,3567,3579,3574,3787,3836
1620000US4812532,4812532,"Canyon",13303,13304,13357,13662,13799,14174,14707,14889,15138
1620000US4812736,4812736,"Carbon",272,272,272,272,270,267,266,265,267
1620000US4812895,4812895,"Carl's Corner",173,173,173,174,173,172,171,172,173
1620000US4812916,4812916,"Carmine",250,250,250,252,252,252,255,257,258
1620000US4812988,4812988,"Carrizo Springs",5368,5368,5391,5427,5638,5863,5924,5908,5800
1620000US4813024,4813024,"Carrollton",119097,119093,119476,122453,125397,126492,128236,132828,133351
1620000US4813108,4813108,"Carthage",6779,6779,6778,6869,6868,6826,6849,6821,6756
1620000US4813198,4813198,"Cashion Community",348,348,348,345,347,348,347,344,344
1620000US4813276,4813276,"Castle Hills",4116,4122,4138,4200,4252,4304,4374,4424,4474
1620000US4813312,4813312,"Castroville",2680,2785,2791,2821,2839,2860,2896,2945,3018
1620000US4813492,4813492,"Cedar Hill",45028,45028,45123,45818,46427,46648,48019,48387,48343
1620000US4813552,4813552,"Cedar Park",48937,51731,52387,55362,57966,61236,63599,65922,68918
1620000US4813672,4813672,"Celeste",814,814,815,818,820,819,826,836,856
1620000US4813684,4813684,"Celina",6028,6018,6056,6319,6601,6813,7090,7690,8006
1620000US4813732,4813732,"Center",5193,5340,5339,5407,5464,5454,5400,5380,5401
1620000US4813900,4813900,"Centerville",892,892,889,895,888,884,886,907,917
1620000US4814224,4814224,"Chandler",2734,2734,2742,2756,2778,2782,2860,2937,2988
1620000US4814260,4814260,"Channing",363,363,362,358,362,355,355,358,356
1620000US4814404,4814404,"Charlotte",1715,1718,1720,1736,1765,1781,1800,1817,1824
1620000US4814584,4814584,"Chester",312,317,317,315,313,313,311,310,310
1620000US4814620,4814620,"Chico",1002,1015,1015,1027,1034,1040,1053,1069,1091
1620000US4814668,4814668,"Childress",6105,6105,6124,6075,6086,6058,6080,6097,6096
1620000US4814680,4814680,"Chillicothe",707,707,710,706,696,689,675,662,673
1620000US4814704,4814704,"China",1160,1158,1157,1158,1151,1155,1157,1179,1183
1620000US4814716,4814716,"China Grove",1179,1180,1184,1201,1228,1251,1274,1289,1311
1620000US4814776,4814776,"Chireno",386,386,387,389,391,385,384,386,386
1620000US4814860,4814860,"Christine",390,390,390,395,402,406,410,414,416
1620000US4814920,4814920,"Cibolo",15349,20104,20471,21539,22561,23884,25299,26622,27855
1620000US4815004,4815004,"Cisco",3899,3902,3901,3891,3853,3795,3804,3785,3804
1620000US4815112,4815112,"Clarendon",2026,2077,2078,2050,2032,1988,1948,1861,1857
1620000US4815160,4815160,"Clarksville",3285,3352,3350,3313,3321,3267,3261,3242,3203
1620000US4815172,4815172,"Clarksville City",865,866,867,868,867,872,875,878,895
1620000US4815196,4815196,"Claude",1196,1199,1198,1217,1225,1230,1219,1210,1180
1620000US4815328,4815328,"Clear Lake Shores",1063,1063,1067,1078,1095,1106,1136,1166,1194
1620000US4815364,4815364,"Cleburne",29337,29637,29654,29503,29628,29487,29616,29824,30223
1620000US4815436,4815436,"Cleveland",7675,7794,7803,7782,7785,7808,7874,7991,8127
1620000US4815472,4815472,"Clifton",3442,3440,3446,3447,3412,3374,3338,3364,3392
1620000US4815544,4815544,"Clint",926,926,927,929,941,940,1144,1143,1133
1620000US4815652,4815652,"Clute",11211,11211,11217,11213,11264,11287,11391,11423,11586
1620000US4815676,4815676,"Clyde",3713,3713,3709,3714,3705,3732,3756,3778,3842
1620000US4815700,4815700,"Coahoma",817,817,817,817,831,850,865,885,876
1620000US4815796,4815796,"Cockrell Hill",4193,4193,4197,4243,4289,4291,4298,4303,4280
1620000US4815820,4815820,"Coffee City",278,279,279,279,280,277,279,280,281
1620000US4815892,4815892,"Coldspring",853,867,869,881,885,878,887,894,907
1620000US4815916,4815916,"Coleman",4709,4709,4699,4641,4588,4508,4441,4391,4431
1620000US4815976,4815976,"College Station",93857,94221,94684,95776,97890,100763,103607,109038,112141
1620000US4815988,4815988,"Colleyville",22807,22805,22904,23328,23936,24471,24967,25439,26152
1620000US4816036,4816036,"Collinsville",1624,1624,1626,1619,1622,1629,1650,1687,1730
1620000US4816048,4816048,"Colmesneil",596,596,595,593,586,587,584,582,584
1620000US4816120,4816120,"Colorado City",4146,4146,4148,4137,4084,4093,4122,4085,4001
1620000US4816168,4816168,"Columbus",3655,3650,3651,3644,3618,3615,3583,3603,3625
1620000US4816192,4816192,"Comanche",4335,4335,4332,4303,4241,4180,4201,4178,4206
1620000US4816204,4816204,"Combes",2895,2895,2913,2977,3003,3030,3031,3044,3055
1620000US4816216,4816216,"Combine",1942,1905,1911,1933,1953,1974,2009,2060,2096
1620000US4816240,4816240,"Commerce",8078,8076,8094,8195,8279,8544,8837,8903,9091
1620000US4816252,4816252,"Como",702,695,696,698,699,692,700,706,709
1620000US4816432,4816432,"Conroe",56207,64930,65299,67025,69404,70524,73736,76362,82286
1620000US4816468,4816468,"Converse",18198,18198,18408,19067,19747,20342,21075,21999,22702
1620000US4816540,4816540,"Cool",157,161,161,162,163,165,168,171,174
1620000US4816552,4816552,"Coolidge",955,955,958,963,965,953,957,954,956
1620000US4816564,4816564,"Cooper",1969,1967,1971,1958,1994,1954,1959,1957,1957
1620000US4816612,4816612,"Coppell",38659,38659,38769,39442,40031,40314,40637,41070,41360
1620000US4816624,4816624,"Copperas Cove",32032,32161,32304,33052,33362,33302,32973,33018,32808
1620000US4816636,4816636,"Copper Canyon",1334,1320,1327,1350,1371,1379,1401,1427,1439
1620000US4816696,4816696,"Corinth",19935,19743,19814,20177,20424,20597,20824,20957,21078
1620000US4817000,4817000,"Corpus Christi",305215,305269,305382,308109,312382,316963,320605,324508,325733
1620000US4817024,4817024,"Corral City",27,27,27,27,30,32,34,37,39
1620000US4817036,4817036,"Corrigan",1595,1592,1596,1620,1617,1602,1583,1582,1587
1620000US4817060,4817060,"Corsicana",23770,23840,23846,24050,23998,23884,23813,23938,23987
1620000US4817200,4817200,"Cottonwood",185,174,175,179,181,183,185,190,193
1620000US4817208,4817208,"Cottonwood Shores",1123,1123,1121,1130,1125,1125,1132,1153,1184
1620000US4817216,4817216,"Cotulla",3603,3605,3609,3677,3793,4046,4088,4220,4209
1620000US4817312,4817312,"Coupland",(X),277,279,286,291,293,297,300,302
1620000US4817336,4817336,"Cove",510,461,465,465,474,482,492,499,510
1620000US4817372,4817372,"Covington",269,269,269,270,269,267,268,269,271
1620000US4817429,4817429,"Coyote Flats",(X),312,312,310,314,315,319,321,326
1620000US4817504,4817504,"Crandall",2858,2839,2857,2920,2957,3012,3104,3222,3329
1620000US4817516,4817516,"Crane",3353,3353,3357,3358,3517,3671,3804,3888,3723
1620000US4817540,4817540,"Cranfills Gap",281,281,282,281,280,276,274,276,279
1620000US4817564,4817564,"Crawford",717,717,719,726,728,731,737,740,741
1620000US4817612,4817612,"Creedmoor",202,201,202,211,216,218,220,220,219
1620000US4817648,4817648,"Cresson",741,727,728,731,739,744,757,771,786
1620000US4817744,4817744,"Crockett",6950,6950,6936,6763,6680,6562,6518,6529,6544
1620000US4817768,4817768,"Crosbyton",1741,1741,1737,1752,1748,1712,1675,1697,1695
1620000US4817816,4817816,"Cross Plains",982,982,980,982,979,976,971,972,986
1620000US4817852,4817852,"Cross Roads",1563,800,810,853,909,973,1040,1116,1209
1620000US4817917,4817917,"Cross Timber",268,260,260,261,262,261,262,266,279
1620000US4817948,4817948,"Crowell",948,948,949,967,930,907,900,863,840
1620000US4817960,4817960,"Crowley",12838,12838,12928,13303,13574,14093,14529,14788,14969
1620000US4818020,4818020,"Crystal City",7138,7135,7157,7229,7313,7431,7456,7490,7359
1620000US4818092,4818092,"Cuero",6841,8256,8239,8309,8362,8363,8433,8484,8524
1620000US4818128,4818128,"Cumby",777,777,778,782,783,774,782,789,793
1620000US4818152,4818152,"Cuney",140,140,140,141,141,139,139,141,141
1620000US4818224,4818224,"Cushing",612,612,613,616,619,610,610,612,613
1620000US4818260,4818260,"Cut and Shoot",1070,1062,1071,1100,1128,1164,1207,1252,1290
1620000US4818464,4818464,"Daingerfield",2560,2558,2554,2527,2510,2506,2489,2447,2460
1620000US4818476,4818476,"Daisetta",966,966,969,971,977,986,1003,1023,1054
1620000US4818524,4818524,"Dalhart",7930,7932,7961,8082,8220,8221,8298,8347,8307
1620000US4819000,4819000,"Dallas",1197816,1197824,1200711,1218664,1241624,1258016,1277376,1297327,1317929
1620000US4819084,4819084,"Dalworthington Gardens",2259,2259,2266,2291,2317,2332,2352,2368,2383
1620000US4819120,4819120,"Danbury",1715,1718,1718,1722,1726,1730,1754,1774,1780
1620000US4819288,4819288,"Darrouzett",350,350,350,360,373,376,384,382,375
1620000US4819420,4819420,"Dawson",807,807,807,806,802,796,795,799,798
1620000US4819432,4819432,"Dayton",7242,7247,7266,7303,7329,7378,7469,7576,7734
1620000US4819435,4819435,"Dayton Lakes",93,93,93,93,93,93,94,97,100
1620000US4819456,4819456,"Dean",493,493,492,490,482,479,475,473,467
1620000US4819528,4819528,"Decatur",6042,6042,6044,6155,6170,6244,6359,6455,6648
1620000US4819570,4819570,"DeCordova",2683,2681,2685,2693,2716,2746,2785,2849,2913
1620000US4819624,4819624,"Deer Park",32010,32010,32112,32576,33036,33305,33710,33761,33782
1620000US4819648,4819648,"De Kalb",1699,1679,1679,1670,1659,1662,1667,1661,1656
1620000US4819672,4819672,"De Leon",2246,2246,2244,2235,2219,2191,2164,2157,2177
1620000US4819708,4819708,"Dell City",365,365,364,359,352,349,339,358,425
1620000US4819792,4819792,"Del Rio",35591,35926,36025,36018,36007,36104,35981,36000,35998
1620000US4819900,4819900,"Denison",22682,22697,22721,22651,22742,22867,22961,23201,23654
1620000US4819972,4819972,"Denton",113383,116291,117008,120086,123558,125082,128320,131152,133808
1620000US4819984,4819984,"Denver City",4479,4479,4460,4536,4575,4653,4729,4844,4842
1620000US4820020,4820020,"Deport",578,578,578,576,572,566,568,567,567
1620000US4820092,4820092,"DeSoto",49047,49043,49341,50150,51116,51444,51825,52264,52599
1620000US4820128,4820128,"Detroit",732,732,731,722,722,709,706,701,690
1620000US4820140,4820140,"Devers",447,447,448,449,451,456,463,473,486
1620000US4820152,4820152,"Devine",4350,4348,4370,4412,4438,4523,4591,4694,4776
1620000US4820308,4820308,"Diboll",4776,5402,5408,5424,5325,5379,5360,5369,5369
1620000US4820332,4820332,"Dickens",286,286,286,280,269,265,255,254,252
1620000US4820344,4820344,"Dickinson",18680,18677,18753,18824,19092,19295,19564,19844,20074
1620000US4820428,4820428,"Dilley",3894,3894,3903,3953,4043,4111,4207,4242,4248
1620000US4820464,4820464,"Dimmitt",4393,4393,4418,4385,4493,4401,4285,4207,4199
1620000US4820540,4820540,"DISH",201,201,207,233,261,303,349,386,433
1620000US4820680,4820680,"Dodd City",369,369,369,369,368,366,367,365,369
1620000US4820716,4820716,"Dodson",109,109,109,111,108,111,108,108,108
1620000US4820848,4820848,"Domino",93,78,78,78,77,78,77,78,77
1620000US4820884,4820884,"Donna",15798,15741,15800,15986,16142,16261,16391,16461,16518
1620000US4820932,4820932,"Dorchester",148,87,87,87,87,88,88,89,90
1620000US4821028,4821028,"Double Oak",2867,2872,2884,2931,2968,2993,3038,3069,3082
1620000US4821112,4821112,"Douglassville",229,229,229,229,227,229,228,227,227
1620000US4821424,4821424,"Dripping Springs",1788,2020,2026,2030,2074,2095,2231,2487,3140
1620000US4821436,4821436,"Driscoll",739,745,744,744,748,754,751,747,744
1620000US4821484,4821484,"Dublin",3654,3618,3616,3636,3662,3651,3605,3645,3626
1620000US4821556,4821556,"Dumas",14691,14691,14756,14823,15058,14978,14939,14868,14916
1620000US4821628,4821628,"Duncanville",38524,38533,38596,39004,39503,39577,39641,39705,39457
1620000US4821844,4821844,"Eagle Lake",3639,3637,3640,3620,3599,3616,3630,3688,3710
1620000US4821892,4821892,"Eagle Pass",26248,26242,26426,27079,27452,27890,28260,28620,28834
1620000US4821904,4821904,"Early",2762,2790,2791,2803,2808,2801,2791,2827,2991
1620000US4821928,4821928,"Earth",1065,1065,1067,1074,1058,1042,1027,1009,1003
1620000US4821988,4821988,"East Bernard",2272,2271,2274,2276,2277,2287,2282,2304,2321
1620000US4822132,4822132,"Eastland",3960,3956,3957,3951,3917,3873,3831,3858,3889
1620000US4822168,4822168,"East Mountain",797,791,792,799,801,796,808,812,823
1620000US4822192,4822192,"Easton",510,510,511,509,509,504,499,499,497
1620000US4822276,4822276,"East Tawakoni",883,877,878,884,876,885,887,898,910
1620000US4822516,4822516,"Ector",695,695,695,696,693,690,690,694,701
1620000US4822528,4822528,"Edcouch",3161,3166,3178,3197,3212,3213,3273,3304,3365
1620000US4822552,4822552,"Eden",2766,2762,2775,2795,2766,2793,2783,2821,2881
1620000US4822588,4822588,"Edgecliff Village",2776,2776,2782,2891,2921,2936,2950,2964,3006
1620000US4822612,4822612,"Edgewood",1441,1437,1438,1437,1429,1432,1439,1448,1476
1620000US4822660,4822660,"Edinburg",77100,76367,76844,79108,80483,82671,84803,86349,87650
1620000US4822708,4822708,"Edmonson",111,111,111,111,111,109,106,105,105
1620000US4822720,4822720,"Edna",5499,5489,5490,5488,5568,5703,5752,5798,5817
1620000US4822744,4822744,"Edom",375,373,373,373,371,372,374,377,383
1620000US4822864,4822864,"El Campo",11602,11669,11672,11719,11600,11608,11691,11730,11766
1620000US4822905,4822905,"El Cenizo",3273,3273,3279,3313,3334,3320,3291,3251,3206
1620000US4822960,4822960,"Eldorado",1951,1951,1972,1861,1833,1802,1781,1802,1723
1620000US4822984,4822984,"Electra",2791,2791,2791,2752,2769,2767,2750,2718,2722
1620000US4823044,4823044,"Elgin",8135,8130,8145,8214,8226,8312,8520,8910,9323
1620000US4823140,4823140,"Elkhart",1371,1368,1368,1361,1345,1339,1318,1313,1321
1620000US4823164,4823164,"El Lago",2706,2714,2719,2740,2764,2776,2781,2773,2751
1620000US4823272,4823272,"Elmendorf",1488,1488,1494,1520,1559,1596,1638,1685,1718
1620000US4824000,4824000,"El Paso",649121,648054,650604,664196,674485,675608,678494,678570,683080
1620000US4824036,4824036,"Elsa",5660,5654,5679,6056,6276,6563,6602,6622,6624
1620000US4824168,4824168,"Emhouse",133,133,133,133,133,134,134,135,137
1620000US4824216,4824216,"Emory",1239,1228,1230,1237,1236,1236,1234,1247,1269
1620000US4824228,4824228,"Enchanted Oaks",326,326,327,328,331,330,333,334,336
1620000US4824240,4824240,"Encinal",559,559,559,567,578,580,578,592,586
1620000US4824348,4824348,"Ennis",18513,18516,18576,18689,18684,18729,18811,19023,19221
1620000US4824552,4824552,"Escobares",1188,2347,2354,2375,2377,2396,2421,2443,2487
1620000US4824636,4824636,"Estelline",145,145,145,144,142,138,134,135,137
1620000US4824768,4824768,"Euless",51277,51280,51436,52097,52787,53172,53568,54097,54769
1620000US4824816,4824816,"Eureka",307,280,280,280,282,282,282,284,286
1620000US4824828,4824828,"Eustace",991,996,997,993,993,982,987,987,990
1620000US4824864,4824864,"Evant",426,426,426,426,424,418,412,410,406
1620000US4824912,4824912,"Everman",6108,6108,6121,6178,6238,6271,6307,6340,6374
1620000US4825068,4825068,"Fairchilds village",763,785,796,828,866,915,969,1021,1077
1620000US4825104,4825104,"Fairfield",2951,2951,2950,2910,2868,2903,2902,2936,2926
1620000US4825168,4825168,"Fair Oaks Ranch",5986,6570,6609,6773,6953,7197,7570,8066,8645
1620000US4825224,4825224,"Fairview",7248,7232,7291,7607,7914,8157,8339,8407,8354
1620000US4825368,4825368,"Falfurrias",4981,4962,4948,4958,4934,4963,4953,4934,4931
1620000US4825392,4825392,"Falls City",611,611,611,618,632,642,652,659,656
1620000US4825452,4825452,"Farmers Branch",28616,28616,28661,28956,29366,31646,32486,32579,34988
1620000US4825488,4825488,"Farmersville",3301,3295,3309,3382,3419,3402,3418,3434,3408
1620000US4825548,4825548,"Farwell",1363,1363,1364,1366,1348,1321,1315,1319,1317
1620000US4825572,4825572,"Fate",6357,6815,6943,7536,7882,8482,9158,10037,10703
1620000US4825644,4825644,"Fayetteville",258,258,258,260,260,261,260,262,263
1620000US4825752,4825752,"Ferris",2436,2434,2445,2476,2479,2483,2507,2531,2573
1620000US4826028,4826028,"Flatonia",1383,1385,1384,1394,1394,1386,1393,1400,1408
1620000US4826136,4826136,"Florence",1136,1137,1144,1171,1195,1201,1218,1228,1249
1620000US4826160,4826160,"Floresville",6448,6448,6491,6649,6802,6995,7146,7304,7495
1620000US4826232,4826232,"Flower Mound",64669,64678,64889,66044,67839,68468,69686,71079,73547
1620000US4826268,4826268,"Floydada",3038,3038,3019,3015,3002,2961,2818,2775,2786
1620000US4826328,4826328,"Follett",459,459,456,463,479,484,493,491,482
1620000US4826544,4826544,"Forest Hill",12355,12355,12379,12497,12626,12706,12780,12856,12947
1620000US4826604,4826604,"Forney",14661,13824,13956,14554,15086,15777,16732,17526,19122
1620000US4826640,4826640,"Forsan",210,210,210,210,214,219,221,226,221
1620000US4826808,4826808,"Fort Stockton",8283,8289,8303,8357,8301,8359,8466,8569,8515
1620000US4827000,4827000,"Fort Worth",741206,744973,748719,764314,781074,795974,814307,834171,854113
1620000US4827288,4827288,"Franklin",1564,1613,1610,1622,1615,1603,1594,1600,1594
1620000US4827300,4827300,"Frankston",1229,1229,1229,1228,1217,1207,1198,1193,1203
1620000US4827348,4827348,"Fredericksburg",10530,10530,10557,10636,10715,10794,10893,11166,11382
1620000US4827420,4827420,"Freeport",12049,12049,12050,12057,12080,12086,12169,12139,12153
1620000US4827432,4827432,"Freer",2818,2820,2805,2800,2781,2777,2766,2739,2748
1620000US4827648,4827648,"Friendswood",35805,35894,36015,36424,37053,37671,38320,38871,39396
1620000US4827660,4827660,"Friona",4123,4123,4125,4129,4072,3997,3975,3908,3898
1620000US4827684,4827684,"Frisco",116989,117062,118113,123497,128520,136866,144938,154080,163656
1620000US4827696,4827696,"Fritch",2117,2113,2109,2095,2092,2080,2076,2065,2032
1620000US4827768,4827768,"Frost",643,640,640,638,647,641,641,647,648
1620000US4827804,4827804,"Fruitvale",408,408,408,408,405,406,409,413,418
1620000US4827876,4827876,"Fulshear",1134,1169,1173,1175,1881,2944,4288,5855,7925
1620000US4827888,4827888,"Fulton",1358,1358,1362,1372,1393,1423,1493,1536,1577
1620000US4827984,4827984,"Gainesville",16002,16007,16011,16003,16134,16008,16114,16258,16320
1620000US4827996,4827996,"Galena Park",10887,10908,10924,11009,11095,11132,11167,11141,11067
1620000US4828008,4828008,"Gallatin",419,417,418,418,418,416,415,419,420
1620000US4828068,4828068,"Galveston",47743,47743,47819,47619,48220,48854,49511,50011,50550
1620000US4828080,4828080,"Ganado",2003,1994,1995,1981,2030,2086,2104,2105,2102
1620000US4828248,4828248,"Garden Ridge",3259,3259,3298,3404,3520,3640,3733,3850,3957
1620000US4829000,4829000,"Garland",226876,226861,227324,229994,233493,234346,235053,236204,234943
1620000US4829036,4829036,"Garrett",806,802,805,806,804,809,815,821,828
1620000US4829060,4829060,"Garrison",895,895,897,909,914,893,893,892,893
1620000US4829108,4829108,"Gary City",311,308,308,311,310,307,306,304,301
1620000US4829168,4829168,"Gatesville",15751,12449,12464,12617,12693,12550,12402,12571,12498
1620000US4829336,4829336,"Georgetown",47400,47466,48004,50320,52553,54895,59099,63639,67140
1620000US4829348,4829348,"George West",2445,2439,2447,2454,2476,2511,2574,2611,2579
1620000US4829408,4829408,"Gholson",1061,1061,1064,1070,1069,1071,1076,1074,1074
1620000US4829432,4829432,"Giddings",4881,4874,4872,4888,4879,4976,4997,5060,5113
1620000US4829564,4829564,"Gilmer",4905,4896,4902,4969,5052,5087,5139,5162,5216
1620000US4829660,4829660,"Gladewater",6441,6435,6456,6489,6492,6420,6343,6410,6427
1620000US4829840,4829840,"Glenn Heights",11278,11275,11348,11524,11702,11795,11896,12011,12336
1620000US4829876,4829876,"Glen Rose",2444,2444,2457,2456,2509,2518,2531,2571,2594
1620000US4829972,4829972,"Godley",1009,1005,1006,1008,1028,1023,1047,1067,1111
1620000US4830044,4830044,"Goldsmith",257,257,257,259,265,270,272,279,272
1620000US4830056,4830056,"Goldthwaite",1878,1882,1888,1857,1840,1856,1845,1858,1867
1620000US4830080,4830080,"Goliad",1908,1908,1911,1908,1936,1964,1978,1982,1981
1620000US4830092,4830092,"Golinda",559,559,559,560,554,551,551,558,567
1620000US4830116,4830116,"Gonzales",7237,7237,7229,7206,7258,7333,7424,7527,7660
1620000US4830188,4830188,"Goodlow",200,200,200,200,200,199,199,200,200
1620000US4830224,4830224,"Goodrich",271,273,273,275,275,276,278,285,293
1620000US4830272,4830272,"Gordon",478,472,471,469,464,464,466,464,467
1620000US4830296,4830296,"Goree",203,203,203,204,206,206,210,210,208
1620000US4830308,4830308,"Gorman",1083,1083,1084,1076,1064,1050,1053,1024,1032
1620000US4830380,4830380,"Graford",584,584,583,580,575,575,577,574,577
1620000US4830392,4830392,"Graham",8903,8908,8904,8815,8787,8844,8866,8833,8792
1620000US4830416,4830416,"Granbury",7978,7980,8036,8162,8450,8726,8998,9358,9755
1620000US4830440,4830440,"Grandfalls",360,360,358,361,366,379,389,390,384
1620000US4830464,4830464,"Grand Prairie",175396,175484,175989,178768,181729,183463,185151,187343,190682
1620000US4830476,4830476,"Grand Saline",3136,3136,3137,3094,3061,3043,3102,3106,3149
1620000US4830512,4830512,"Grandview",1561,1561,1564,1566,1574,1567,1583,1608,1656
1620000US4830548,4830548,"Granger",1419,1417,1424,1451,1461,1467,1494,1503,1514
1620000US4830584,4830584,"Granite Shoals",4910,4910,4909,4948,4940,4938,4977,5047,5117
1620000US4830608,4830608,"Granjeno",293,293,294,296,297,297,298,298,300
1620000US4830632,4830632,"Grapeland",1489,1489,1486,1467,1451,1426,1416,1416,1419
1620000US4830644,4830644,"Grapevine",46334,46334,46611,47088,48458,50142,50734,51399,51971
1620000US4830752,4830752,"Grays Prairie village",337,333,334,338,340,344,350,358,364
1620000US4830920,4830920,"Greenville",25557,25553,25657,25788,25865,25885,26163,26510,27172
1620000US4831064,4831064,"Gregory",1907,1907,1896,1887,1907,1944,1973,1993,1976
1620000US4831100,4831100,"Grey Forest",483,483,485,489,494,498,504,514,532
1620000US4831280,4831280,"Groesbeck",4328,4320,4330,4344,4350,4305,4329,4319,4321
1620000US4831292,4831292,"Groom",574,574,572,583,571,558,563,559,565
1620000US4831328,4831328,"Groves",16144,16144,16107,16031,15852,15828,15763,15773,15758
1620000US4831340,4831340,"Groveton",1057,1057,1059,1059,1030,1037,1018,1029,1026
1620000US4831412,4831412,"Gruver",1194,1195,1193,1188,1175,1174,1169,1187,1172
1620000US4831592,4831592,"Gun Barrel City",5672,5667,5682,5718,5749,5887,5950,5974,6006
1620000US4831616,4831616,"Gunter",1498,1498,1502,1505,1471,1371,1374,1392,1417
1620000US4831628,4831628,"Gustine",476,476,476,473,467,462,455,452,456
1620000US4831715,4831715,"Hackberry",968,994,997,1007,1014,1017,1026,1034,1037
1620000US4831820,4831820,"Hale Center",2252,2252,2256,2261,2248,2214,2112,2101,2104
1620000US4831868,4831868,"Hallettsville",2550,2549,2547,2548,2576,2580,2576,2589,2585
1620000US4831880,4831880,"Hallsburg",507,507,509,511,511,517,518,521,527
1620000US4831904,4831904,"Hallsville",3577,3567,3599,3778,3843,3839,3908,4065,4153
1620000US4831928,4831928,"Haltom City",42409,42389,42467,42875,43347,43597,43843,44110,44361
1620000US4831952,4831952,"Hamilton",3095,3097,3087,3056,3003,2987,2943,2912,2970
1620000US4831964,4831964,"Hamlin",2124,2124,2124,2106,2060,2055,2027,2037,2038
1620000US4832156,4832156,"Happy",678,678,681,678,683,673,660,654,651
1620000US4832240,4832240,"Hardin",819,829,832,834,839,842,853,866,885
1620000US4832312,4832312,"Harker Heights",26700,26715,26953,27258,27835,28241,28538,29124,29757
1620000US4832372,4832372,"Harlingen",64849,64908,65076,65610,65756,65746,65663,65439,65539
1620000US4832576,4832576,"Hart",1114,1114,1121,1112,1118,1095,1066,1047,1046
1620000US4832696,4832696,"Haskell",3322,3322,3312,3363,3324,3324,3249,3241,3192
1620000US4832720,4832720,"Haslet",1517,1517,1523,1542,1568,1641,1717,1783,1817
1620000US4832810,4832810,"Hawk Cove",483,498,499,498,500,500,505,509,520
1620000US4832816,4832816,"Hawkins",1278,1264,1265,1275,1267,1280,1278,1287,1299
1620000US4832840,4832840,"Hawley",634,632,632,627,615,615,608,612,614
1620000US4832906,4832906,"Hays",217,217,217,219,221,225,228,235,243
1620000US4832972,4832972,"Hearne",4459,4457,4442,4474,4423,4415,4403,4474,4483
1620000US4832984,4832984,"Heath",6921,7329,7344,7453,7621,7742,7984,8201,8440
1620000US4833020,4833020,"Hebron",415,369,373,392,419,420,422,424,424
1620000US4833044,4833044,"Hedley",329,329,329,326,323,315,310,307,308
1620000US4833068,4833068,"Hedwig Village",2557,2540,2549,2577,2611,2627,2656,2676,2662
1620000US4833146,4833146,"Helotes",7341,7341,7384,7645,7889,8107,8366,8580,8758
1620000US4833188,4833188,"Hemphill",1198,1257,1262,1243,1217,1203,1218,1239,1229
1620000US4833200,4833200,"Hempstead",5770,5771,5815,5973,6073,6325,6671,7101,7457
1620000US4833212,4833212,"Henderson",13712,13712,13720,13767,13797,13676,13567,13465,13416
1620000US4833284,4833284,"Henrietta",3141,3141,3136,3119,3067,3043,3010,2998,2958
1620000US4833320,4833320,"Hereford",15370,15370,15426,15445,15326,15169,15135,14899,14915
1620000US4833428,4833428,"Hewitt",13549,13548,13615,13763,13895,14055,14173,14235,14322
1620000US4833476,4833476,"Hickory Creek",3247,3235,3256,3348,3422,3950,3990,4124,4222
1620000US4833548,4833548,"Hico",1379,1377,1373,1359,1340,1339,1328,1327,1360
1620000US4833560,4833560,"Hidalgo",11198,12522,12596,12843,13051,13251,13465,13657,13831
1620000US4833578,4833578,"Hideaway",3083,2936,2945,2977,3001,3026,3043,3083,3127
1620000US4833608,4833608,"Higgins",397,397,395,402,416,420,429,426,419
1620000US4833794,4833794,"Highland Haven",431,431,432,438,437,436,441,449,457
1620000US4833824,4833824,"Highland Park",8564,8563,8581,8685,8817,8867,8931,9161,9149
1620000US4833848,4833848,"Highland Village",15056,15084,15147,15406,15620,15742,15989,16084,16624
1620000US4833968,4833968,"Hill Country Village",985,985,989,1003,1016,1028,1051,1066,1082
1620000US4833980,4833980,"Hillcrest village",730,730,730,731,732,733,738,736,737
1620000US4834088,4834088,"Hillsboro",8456,8437,8444,8407,8411,8359,8313,8327,8362
1620000US4834148,4834148,"Hilshire Village",746,746,747,756,771,780,796,810,815
1620000US4834220,4834220,"Hitchcock",6961,6961,6996,7025,7188,7308,7426,7598,7805
1620000US4834502,4834502,"Holiday Lakes",1107,1121,1124,1133,1147,1154,1165,1165,1165
1620000US4834508,4834508,"Holland",1121,1121,1129,1125,1135,1128,1123,1128,1133
1620000US4834532,4834532,"Holliday",1758,1757,1769,1725,1724,1719,1721,1705,1703
1620000US4834628,4834628,"Hollywood Park",3062,3091,3103,3142,3180,3214,3261,3294,3331
1620000US4834676,4834676,"Hondo",8803,8807,8829,8864,8913,8972,9043,9127,9276
1620000US4834700,4834700,"Honey Grove",1668,1668,1668,1680,1664,1660,1668,1657,1679
1620000US4834736,4834736,"Hooks",2769,2769,2767,2754,2742,2762,2753,2746,2739
1620000US4834832,4834832,"Horizon City",16735,16730,16916,18239,18829,19057,19339,19240,19266
1620000US4834862,4834862,"Horseshoe Bay",3418,3436,3442,3368,3382,3445,3483,3562,3689
1620000US4835000,4835000,"Houston",2099451,2100277,2105625,2132157,2166458,2204406,2243999,2284816,2303482
1620000US4835072,4835072,"Howardwick",402,402,403,398,393,383,377,376,376
1620000US4835084,4835084,"Howe",2600,2596,2602,2589,2595,2603,2610,2798,2858
1620000US4835180,4835180,"Hubbard",1423,1423,1425,1429,1413,1373,1367,1370,1376
1620000US4835228,4835228,"Hudson",4731,4727,4742,4775,4742,4733,4768,4804,4818
1620000US4835254,4835254,"Hudson Oaks",1662,1686,1697,1736,1781,1874,1985,2140,2251
1620000US4835300,4835300,"Hughes Springs",1760,1758,1756,1756,1741,1763,1769,1775,1774
1620000US4835348,4835348,"Humble",15133,15127,15151,15301,15486,15537,15627,15643,15561
1620000US4835480,4835480,"Hunters Creek Village",4367,4376,4392,4472,4557,4624,4701,4760,4792
1620000US4835492,4835492,"Huntington",2118,2112,2115,2129,2106,2095,2097,2112,2106
1620000US4835528,4835528,"Huntsville",38548,38550,38745,39587,39603,40156,40407,40762,41208
1620000US4835576,4835576,"Hurst",37337,37335,37412,37806,38171,38453,38694,38931,39160
1620000US4835612,4835612,"Hutchins",5338,5331,5336,5626,5548,5650,5704,5653,5639
1620000US4835624,4835624,"Hutto",14698,16461,16720,17802,18776,19711,21139,22692,23832
1620000US4835636,4835636,"Huxley",385,375,375,379,383,381,377,375,378
1620000US4835732,4835732,"Idalou",2250,2296,2306,2316,2307,2315,2326,2336,2342
1620000US4835816,4835816,"Impact",35,35,35,35,35,35,35,36,35
1620000US4835918,4835918,"Indian Lake",640,640,643,651,656,654,655,653,655
1620000US4835984,4835984,"Industry",304,304,303,306,305,309,311,324,325
1620000US4836008,4836008,"Ingleside",9387,9381,9334,9323,9454,9568,9645,9699,10488
1620000US4836020,4836020,"Ingleside on the Bay",615,615,613,613,620,629,639,642,633
1620000US4836032,4836032,"Ingram",1804,1790,1790,1788,1788,1793,1811,1823,1835
1620000US4836068,4836068,"Iola",401,401,402,404,403,404,407,413,416
1620000US4836092,4836092,"Iowa Colony village",1170,1164,1167,1182,1198,1217,1228,1260,1303
1620000US4836104,4836104,"Iowa Park",6355,6372,6376,6323,6396,6419,6415,6351,6363
1620000US4836128,4836128,"Iraan",1229,1229,1231,1238,1231,1238,1254,1275,1268
1620000US4836140,4836140,"Iredell",339,339,340,340,337,333,330,333,336
1620000US4837000,4837000,"Irving",216290,216285,216870,219817,225403,228517,231875,235997,238289
1620000US4837072,4837072,"Italy",1863,1857,1863,1871,1867,1869,1883,1897,1918
1620000US4837084,4837084,"Itasca",1644,1644,1646,1640,1632,1611,1615,1632,1649
1620000US4837112,4837112,"Ivanhoe",887,1427,1426,1420,1405,1408,1401,1399,1406
1620000US4837156,4837156,"Jacinto City",10553,10553,10568,10646,10743,10774,10807,10770,10696
1620000US4837168,4837168,"Jacksboro",4511,4506,4495,4514,4502,4430,4417,4384,4347
1620000US4837216,4837216,"Jacksonville",14544,14537,14561,14592,14762,14722,14750,14854,14898
1620000US4837252,4837252,"Jamaica Beach",983,985,988,994,1003,1012,1030,1044,1065
1620000US4837396,4837396,"Jarrell",984,994,1000,1026,1045,1052,1097,1169,1346
1620000US4837420,4837420,"Jasper",7590,7602,7629,7797,7713,7684,7642,7613,7658
1620000US4837468,4837468,"Jayton",534,534,535,538,551,522,499,507,507
1620000US4837528,4837528,"Jefferson",2106,2106,2099,2089,2059,2045,2040,2048,2043
1620000US4837612,4837612,"Jersey Village",7620,7607,7622,7702,7785,7857,7891,7877,7892
1620000US4837648,4837648,"Jewett",1167,1173,1169,1175,1169,1160,1169,1192,1215
1620000US4837684,4837684,"Joaquin",824,822,821,830,841,835,825,817,822
1620000US4837780,4837780,"Johnson City",1656,1644,1653,1700,1703,1748,1840,1945,2003
1620000US4837924,4837924,"Jolly",172,172,172,171,168,167,166,165,163
1620000US4837984,4837984,"Jones Creek village",2020,2063,2063,2064,2066,2066,2078,2071,2069
1620000US4838020,4838020,"Jonestown",1834,1812,1822,1891,1954,1973,1998,2012,2028
1620000US4838068,4838068,"Josephine",812,806,812,847,919,1001,1111,1135,1317
1620000US4838080,4838080,"Joshua",5910,6088,6096,6080,6129,6125,6181,6256,6846
1620000US4838116,4838116,"Jourdanton",3871,3892,3895,3951,4073,4137,4220,4283,4327
1620000US4838248,4838248,"Junction",2574,2571,2561,2566,2535,2489,2474,2447,2461
1620000US4838332,4838332,"Justin",3246,3246,3258,3285,3314,3320,3353,3431,3710
1620000US4838452,4838452,"Karnes City",3042,3047,3065,3092,3155,3218,3292,3365,3350
1620000US4838476,4838476,"Katy",14102,14109,14152,14411,14771,15058,15629,16215,17116
1620000US4838488,4838488,"Kaufman",6703,6609,6635,6674,6718,6771,6881,7028,7181
1620000US4838548,4838548,"Keene",6106,6050,6056,6017,6033,6057,6117,6215,6293
1620000US4838632,4838632,"Keller",39627,39627,39830,40846,41912,42869,43905,45747,46646
1620000US4838776,4838776,"Kemah",1773,1773,1790,1838,1881,1925,1958,1982,2000
1620000US4838788,4838788,"Kemp",1154,1137,1142,1150,1160,1205,1238,1264,1285
1620000US4838800,4838800,"Kempner",1089,1090,1094,1103,1112,1117,1086,1074,1084
1620000US4838848,4838848,"Kendleton",380,380,381,383,385,389,391,391,391
1620000US4838860,4838860,"Kenedy",3296,3312,3312,3329,3400,3421,3409,3403,3388
1620000US4838872,4838872,"Kenefick",563,563,564,564,568,573,584,596,615
1620000US4838884,4838884,"Kennard",337,337,336,333,330,324,322,323,324
1620000US4838896,4838896,"Kennedale",6763,6734,6782,6882,7028,7214,7358,7665,7840
1620000US4838992,4838992,"Kerens",1573,1563,1564,1566,1561,1545,1549,1551,1556
1620000US4839004,4839004,"Kermit",5708,5708,5682,5732,5894,6111,6258,6427,6341
1620000US4839040,4839040,"Kerrville",22347,22393,22409,22419,22519,22569,22837,23185,23434
1620000US4839124,4839124,"Kilgore",12975,13473,13490,13749,14129,14552,14893,14904,14836
1620000US4839148,4839148,"Killeen",127921,127913,129221,131156,134693,136853,138163,140613,143400
1620000US4839352,4839352,"Kingsville",26213,26213,26209,26222,26296,26258,26293,25965,26071
1620000US4839448,4839448,"Kirby",8000,8000,8028,8127,8231,8320,8449,8540,8640
1620000US4839460,4839460,"Kirbyville",2142,2144,2152,2183,2160,2126,2128,2119,2124
1620000US4839520,4839520,"Kirvin",129,129,129,127,126,127,127,127,127
1620000US4839680,4839680,"Knollwood",226,432,433,431,432,434,438,445,454
1620000US4839700,4839700,"Knox City",1130,1130,1131,1139,1149,1149,1180,1176,1162
1620000US4839844,4839844,"Kosse",464,464,466,468,469,463,465,464,464
1620000US4839868,4839868,"Kountze",2123,2123,2130,2150,2113,2124,2111,2095,2099
1620000US4839904,4839904,"Kress",715,715,719,713,719,707,691,685,681
1620000US4839916,4839916,"Krugerville",1662,1576,1581,1602,1617,1628,1646,1665,1672
1620000US4839928,4839928,"Krum",4157,4118,4151,4296,4455,4581,4865,4993,5000
1620000US4839940,4839940,"Kurten",398,394,395,395,395,392,394,398,400
1620000US4839952,4839952,"Kyle",28016,28021,28461,29258,30854,31744,32888,35775,39060
1620000US4840108,4840108,"LaCoste",1119,1119,1121,1132,1137,1147,1161,1173,1206
1620000US4840168,4840168,"Lacy-Lakeview",6489,6456,6481,6517,6517,6581,6597,6594,6611
1620000US4840180,4840180,"Ladonia",612,612,612,613,610,607,608,605,612
1620000US4840204,4840204,"La Feria",7302,7214,7225,7266,7261,7245,7233,7248,7271
1620000US4840264,4840264,"Lago Vista",6041,6082,6107,6279,6431,6445,6470,6540,6627
1620000US4840276,4840276,"La Grange",4641,4641,4634,4649,4644,4659,4667,4679,4690
1620000US4840288,4840288,"La Grulla",1622,1622,1627,1642,1646,1659,1677,1693,1706
1620000US4840336,4840336,"Laguna Vista",3117,3142,3157,3200,3199,3210,3204,3199,3200
1620000US4840384,4840384,"La Joya",3985,3986,4007,4083,4118,4167,4215,4275,4293
1620000US4840450,4840450,"Lake Bridgeport",340,342,342,345,349,354,356,363,371
1620000US4840472,4840472,"Lake City",509,509,506,507,514,522,528,531,524
1620000US4840516,4840516,"Lake Dallas",7105,7111,7140,7249,7330,7357,7432,7869,7881
1620000US4840588,4840588,"Lake Jackson",26849,26830,26832,27076,27128,27338,27554,27490,27529
1620000US4840696,4840696,"Lakeport",974,974,978,973,970,970,960,966,969
1620000US4840738,4840738,"Lakeside town (San Patricio County)",312,312,310,311,316,319,320,320,312
1620000US4840744,4840744,"Lakeside town (Tarrant County)",1307,1307,1310,1326,1344,1362,1371,1382,1396
1620000US4840756,4840756,"Lakeside City",997,998,1006,978,971,973,980,981,988
1620000US4840804,4840804,"Lake Tanglewood village",796,802,804,816,830,838,858,862,870
1620000US4840888,4840888,"Lakeview",107,107,107,106,105,102,99,100,101
1620000US4840984,4840984,"Lakeway",11391,11646,11717,12099,12703,13114,13655,14133,14641
1620000US4841050,4841050,"Lakewood Village",545,537,544,572,610,652,699,750,813
1620000US4841056,4841056,"Lake Worth",4584,4577,4584,4627,4664,4693,4743,4818,4871
1620000US4841116,4841116,"La Marque",14509,14511,14568,14676,14930,15154,15501,15856,16457
1620000US4841164,4841164,"Lamesa",9422,9422,9418,9335,9222,9352,9412,9441,9461
1620000US4841188,4841188,"Lampasas",6681,6666,6693,6768,6818,6836,7198,7620,7722
1620000US4841212,4841212,"Lancaster",36361,36665,36788,37373,37909,38140,38485,38727,38867
1620000US4841440,4841440,"La Porte",33800,33806,33873,34173,34507,34755,35044,35106,35086
1620000US4841464,4841464,"Laredo",236091,236057,237057,241061,245224,249098,252243,254717,257156
1620000US4841644,4841644,"Latexo",322,322,321,318,315,309,308,308,309
1620000US4841764,4841764,"La Vernia",1034,1031,1036,1101,1114,1166,1207,1259,1409
1620000US4841788,4841788,"La Villa",1957,2439,2449,2457,2471,2476,2502,2592,2664
1620000US4841800,4841800,"Lavon",2219,2223,2233,2278,2305,2432,2598,2884,3077
1620000US4841848,4841848,"La Ward",213,213,213,213,216,222,223,224,224
1620000US4841872,4841872,"Lawn",314,314,315,316,317,316,319,320,318
1620000US4841980,4841980,"League City",83560,83563,84088,86278,88244,90828,94264,98149,102010
1620000US4842004,4842004,"Leakey",425,425,426,439,432,426,430,422,433
1620000US4842016,4842016,"Leander",26521,26452,26868,28245,29744,31849,34322,37997,42761
1620000US4842028,4842028,"Leary",495,483,483,481,480,481,482,483,484
1620000US4842148,4842148,"Lefors",497,497,495,499,506,509,511,507,496
1620000US4842340,4842340,"Leona",175,175,174,175,174,173,175,177,179
1620000US4842352,4842352,"Leonard",1990,1978,1977,1975,1974,1967,1963,1965,1984
1620000US4842388,4842388,"Leon Valley",10151,10152,10218,10495,10687,10829,11025,11160,11314
1620000US4842400,4842400,"Leroy",337,337,338,340,340,340,341,340,339
1620000US4842448,4842448,"Levelland",13542,13555,13509,13599,13689,13905,13997,13963,13844
1620000US4842508,4842508,"Lewisville",95290,95387,95882,97505,99616,101103,102870,103700,104659
1620000US4842532,4842532,"Lexington",1177,1179,1178,1180,1174,1166,1171,1185,1193
1620000US4842568,4842568,"Liberty",8397,8397,8415,8562,8742,8814,8924,9028,9175
1620000US4842664,4842664,"Liberty Hill",967,927,932,953,969,1036,1047,1383,1612
1620000US4842808,4842808,"Lincoln Park",308,308,311,326,347,373,399,430,466
1620000US4842820,4842820,"Lindale",4818,4804,4826,5018,5152,5304,5471,5676,5853
1620000US4842844,4842844,"Linden",1988,1987,1985,1987,1970,1986,1985,1976,1973
1620000US4842868,4842868,"Lindsay",1018,1017,1020,1027,1041,1037,1058,1075,1074
1620000US4842940,4842940,"Lipan",430,428,429,429,432,436,442,451,461
1620000US4843012,4843012,"Little Elm",25898,25877,26180,27629,28903,32779,35346,38274,42504
1620000US4843024,4843024,"Littlefield",6372,6377,6386,6433,6344,6251,6169,6072,6039
1620000US4843066,4843066,"Little River-Academy",1961,1961,1971,1964,1980,1966,1950,1957,1968
1620000US4843096,4843096,"Live Oak",13131,13131,13230,13735,14215,14774,15128,15327,15749
1620000US4843120,4843120,"Liverpool",482,486,488,488,495,495,502,501,501
1620000US4843132,4843132,"Livingston",5335,5276,5269,5240,5207,5164,5128,5117,5130
1620000US4843144,4843144,"Llano",3232,3259,3260,3269,3280,3314,3307,3337,3422
1620000US4843240,4843240,"Lockhart",12698,12689,12743,12834,12903,13056,13218,13420,13527
1620000US4843252,4843252,"Lockney",1842,1842,1830,1826,1816,1785,1703,1689,1691
1620000US4843354,4843354,"Log Cabin",714,714,715,711,714,709,714,715,720
1620000US4843516,4843516,"Lometa",856,847,850,857,863,866,843,833,841
1620000US4843636,4843636,"Lone Oak",598,593,594,596,597,598,612,623,638
1620000US4843684,4843684,"Lone Star",1581,1581,1580,1566,1556,1557,1549,1523,1532
1620000US4843888,4843888,"Longview",80455,80425,80584,80948,81148,81299,81391,82077,82055
1620000US4843996,4843996,"Loraine",602,602,603,600,592,601,604,601,587
1620000US4844020,4844020,"Lorena",1691,1691,1696,1708,1705,1716,1732,1734,1744
1620000US4844032,4844032,"Lorenzo",1147,1147,1144,1153,1165,1152,1145,1174,1183
1620000US4844116,4844116,"Los Fresnos",5542,5912,5933,6025,6110,6201,6409,6534,6651
1620000US4844128,4844128,"Los Indios",1083,1029,1031,1043,1045,1048,1053,1055,1063
1620000US4844170,4844170,"Los Ybanez",19,19,19,19,19,19,19,19,19
1620000US4844176,4844176,"Lott",759,759,760,758,745,741,729,729,734
1620000US4844260,4844260,"Lovelady",649,647,646,639,632,622,619,619,621
1620000US4844308,4844308,"Lowry Crossing",1711,1701,1708,1743,1762,1758,1769,1767,1747
1620000US4845000,4845000,"Lubbock",229573,229495,230710,233695,236441,240039,244927,248665,252506
1620000US4845012,4845012,"Lucas",5166,5243,5291,5618,5964,6221,6572,6891,7211
1620000US4845048,4845048,"Lueders",346,346,346,343,337,336,333,335,336
1620000US4845072,4845072,"Lufkin",35067,35106,35163,35390,36050,35960,36114,36249,36159
1620000US4845096,4845096,"Luling",5411,5401,5399,5472,5549,5633,5701,5750,5878
1620000US4845120,4845120,"Lumberton",11943,11972,12033,12155,12073,12169,12285,12402,12594
1620000US4845228,4845228,"Lyford",2611,2608,2616,2611,2620,2593,2586,2601,2595
1620000US4845288,4845288,"Lytle",2492,2502,2515,2568,2633,2704,2791,2867,2898
1620000US4845324,4845324,"Mabank",3035,3033,3051,3082,3102,3123,3216,3293,3388
1620000US4845384,4845384,"McAllen",129877,130463,131057,133656,135312,136725,138381,139832,142212
1620000US4845432,4845432,"McCamey",1887,1887,1884,1849,1833,1898,1950,2050,2075
1620000US4845672,4845672,"McGregor",4987,4987,5007,5037,5043,5032,5021,5042,5071
1620000US4845744,4845744,"McKinney",131117,131055,132849,137938,143422,149022,156715,162691,172298
1620000US4845780,4845780,"McLean",778,778,776,780,804,800,802,793,775
1620000US4845804,4845804,"McLendon-Chisholm",1373,1408,1406,1457,1528,1697,1903,2238,2633
1620000US4845996,4845996,"Madisonville",4396,4396,4425,4452,4457,4512,4537,4611,4636
1620000US4846056,4846056,"Magnolia",1393,1385,1390,1426,1476,1536,1638,1824,1985
1620000US4846224,4846224,"Malakoff",2324,2315,2318,2315,2317,2288,2288,2308,2316
1620000US4846260,4846260,"Malone",269,269,269,270,269,267,266,267,269
1620000US4846440,4846440,"Manor",5037,5191,5293,5602,6028,6537,7076,7743,8423
1620000US4846452,4846452,"Mansfield",56368,56358,56790,58083,59428,60925,62279,64272,65631
1620000US4846500,4846500,"Manvel",5179,5239,5292,5744,6123,6684,7210,8062,8939
1620000US4846584,4846584,"Marble Falls",6077,6082,6077,6124,6089,6087,6119,6196,6317
1620000US4846620,4846620,"Marfa",1981,1982,1997,1962,1910,1841,1782,1734,1747
1620000US4846668,4846668,"Marietta",134,134,134,134,133,134,133,133,133
1620000US4846692,4846692,"Marion",1066,1066,1070,1074,1087,1095,1104,1110,1109
1620000US4846740,4846740,"Marlin",5967,5967,5971,5923,5809,5766,5661,5645,5671
1620000US4846752,4846752,"Marquez",263,262,261,263,261,260,261,265,268
1620000US4846776,4846776,"Marshall",23523,23523,23542,23697,23591,23737,23810,23659,23561
1620000US4846824,4846824,"Mart",2209,1897,1901,1902,1908,1915,1914,1907,1901
1620000US4846848,4846848,"Martindale",1116,1130,1132,1142,1153,1175,1219,1229,1237
1620000US4846968,4846968,"Mason",2114,2113,2115,2127,2137,2164,2153,2129,2180
1620000US4847004,4847004,"Matador",607,612,613,616,608,606,585,580,589
1620000US4847040,4847040,"Mathis",4942,4942,4912,4893,4958,5015,5031,5035,4935
1620000US4847088,4847088,"Maud",1056,1056,1059,1064,1061,1063,1064,1072,1069
1620000US4847268,4847268,"Maypearl",934,931,934,948,952,954,966,981,1016
1620000US4847316,4847316,"Meadow",593,593,594,588,589,595,595,594,596
1620000US4847330,4847330,"Meadowlakes",1777,1777,1776,1795,1800,1807,1834,1863,1883
1620000US4847337,4847337,"Meadows Place",4660,4638,4650,4666,4683,4727,4747,4745,4731
1620000US4847460,4847460,"Megargel",203,203,204,198,196,195,196,194,193
1620000US4847496,4847496,"Melissa",4695,4673,4746,5174,5544,6133,6683,7407,8423
1620000US4847568,4847568,"Melvin",178,178,177,178,178,178,177,180,177
1620000US4847616,4847616,"Memphis",2290,2290,2289,2262,2237,2169,2110,2122,2137
1620000US4847628,4847628,"Menard",1471,1471,1467,1459,1462,1413,1413,1417,1393
1620000US4847700,4847700,"Mercedes",15570,15674,15821,16103,16317,16384,16548,16594,16624
1620000US4847760,4847760,"Meridian",1493,1492,1496,1493,1487,1462,1454,1469,1480
1620000US4847796,4847796,"Merkel",2590,2590,2593,2597,2628,2606,2623,2629,2610
1620000US4847820,4847820,"Mertens",125,125,125,125,125,124,124,124,125
1620000US4847832,4847832,"Mertzon",781,781,786,783,768,782,765,754,760
1620000US4847892,4847892,"Mesquite",139824,139518,139794,141210,143103,143297,144082,144266,143736
1620000US4847916,4847916,"Mexia",7459,7446,7471,7493,7545,7448,7456,7439,7445
1620000US4847988,4847988,"Miami",597,597,594,600,610,593,592,590,589
1620000US4848072,4848072,"Midland",111147,111196,111307,113937,119885,124283,128290,133183,134610
1620000US4848096,4848096,"Midlothian",18037,18690,18819,19335,19730,20530,21313,22332,23689
1620000US4848180,4848180,"Midway",228,228,229,228,227,226,226,229,230
1620000US4848336,4848336,"Milano",428,423,422,421,413,413,411,415,421
1620000US4848372,4848372,"Mildred",368,351,351,351,353,353,354,355,359
1620000US4848396,4848396,"Miles",829,858,859,862,849,837,847,867,864
1620000US4848408,4848408,"Milford",728,728,731,732,728,728,730,739,747
1620000US4848478,4848478,"Miller's Cove",149,149,149,149,150,150,148,149,147
1620000US4848516,4848516,"Millican",240,240,240,241,241,239,240,243,244
1620000US4848564,4848564,"Millsap",403,400,401,404,406,409,416,424,431
1620000US4848648,4848648,"Mineola",4515,4502,4505,4507,4511,4533,4571,4622,4719
1620000US4848684,4848684,"Mineral Wells",16788,16792,16762,16874,16687,15233,14807,14749,14826
1620000US4848720,4848720,"Mingus",235,244,244,242,240,240,241,240,241
1620000US4848768,4848768,"Mission",77058,77667,78097,79655,80774,81426,82245,82987,83563
1620000US4848804,4848804,"Missouri City",67358,66824,67222,67875,68597,69913,71642,73977,74561
1620000US4848852,4848852,"Mobeetie",101,101,101,102,105,107,107,106,104
1620000US4848858,4848858,"Mobile City",188,188,188,189,191,191,191,192,192
1620000US4848936,4848936,"Monahans",6953,6958,6922,6979,7101,7349,7601,7656,7638
1620000US4849068,4849068,"Mont Belvieu",3835,3834,3964,4074,4285,4545,4841,5185,5584
1620000US4849128,4849128,"Montgomery",621,619,625,646,660,690,701,826,922
1620000US4849200,4849200,"Moody",1371,1371,1375,1380,1378,1380,1382,1378,1377
1620000US4849272,4849272,"Moore Station",201,199,199,199,199,198,199,198,199
1620000US4849320,4849320,"Moran",270,270,269,267,269,270,265,267,267
1620000US4849356,4849356,"Morgan",490,490,491,491,487,481,478,481,486
1620000US4849380,4849380,"Morgan's Point",339,339,339,344,348,349,353,353,351
1620000US4849392,4849392,"Morgan's Point Resort",4170,4167,4194,4188,4237,4220,4208,4240,4290
1620000US4849464,4849464,"Morton",2006,2006,2013,1971,1935,1920,1874,1887,1845
1620000US4849560,4849560,"Moulton",886,886,885,879,887,890,899,909,907
1620000US4849600,4849600,"Mountain City",648,648,652,659,665,677,692,717,745
1620000US4849692,4849692,"Mount Calm",320,317,317,318,317,315,314,315,316
1620000US4849728,4849728,"Mount Enterprise",447,447,447,451,452,448,445,443,440
1620000US4849800,4849800,"Mount Pleasant",15564,15988,16019,15978,16122,16095,15944,16150,16273
1620000US4849860,4849860,"Mount Vernon",2662,2778,2775,2760,2766,2742,2718,2715,2723
1620000US4849932,4849932,"Muenster",1544,1544,1545,1544,1567,1562,1562,1580,1587
1620000US4849968,4849968,"Muleshoe",5158,5158,5149,5178,5133,5137,5015,5199,5158
1620000US4849992,4849992,"Mullin",179,177,177,175,173,175,174,175,176
1620000US4850040,4850040,"Munday",1300,1300,1302,1302,1302,1310,1337,1340,1324
1620000US4850076,4850076,"Murchison",594,594,595,594,595,590,593,593,595
1620000US4850100,4850100,"Murphy",17708,17877,18023,18731,19185,19586,20297,20613,20482
1620000US4850184,4850184,"Mustang",21,21,21,21,21,21,21,21,21
1620000US4850200,4850200,"Mustang Ridge",861,828,833,858,883,900,917,926,934
1620000US4850256,4850256,"Nacogdoches",32996,32918,32993,33812,33835,33660,33679,33870,33932
1620000US4850316,4850316,"Naples",1378,1375,1372,1364,1360,1361,1356,1337,1348
1620000US4850352,4850352,"Nash",2960,2960,2965,3011,3048,3091,3145,3143,3328
1620000US4850376,4850376,"Nassau Bay",4002,4002,4012,4042,4079,4096,4107,4095,4064
1620000US4850400,4850400,"Natalia",1431,1420,1423,1435,1447,1461,1472,1491,1520
1620000US4850448,4850448,"Navarro",210,205,205,205,205,204,204,205,208
1620000US4850472,4850472,"Navasota",7049,7133,7149,7174,7180,7241,7328,7443,7537
1620000US4850496,4850496,"Nazareth",311,311,313,311,314,308,300,295,294
1620000US4850580,4850580,"Nederland",17547,17014,16998,17029,16953,17067,17127,17216,17294
1620000US4850628,4850628,"Needville",2823,2929,2943,2967,2985,3016,3041,3055,3078
1620000US4850760,4850760,"Nevada",822,834,840,859,874,895,955,1021,1074
1620000US4850772,4850772,"Newark",1005,1007,1007,1019,1029,1037,1044,1060,1113
1620000US4850796,4850796,"New Berlin",511,511,513,514,520,524,529,535,537
1620000US4850808,4850808,"New Boston",4550,4796,4801,4776,4763,4771,4706,4705,4686
1620000US4850820,4850820,"New Braunfels",57740,57729,58138,59423,61125,63335,66320,70648,73959
1620000US4850868,4850868,"Newcastle",585,585,585,577,574,573,569,568,566
1620000US4850876,4850876,"New Chapel Hill",594,592,594,599,604,606,610,615,620
1620000US4850916,4850916,"New Deal",794,793,796,800,798,799,798,802,805
1620000US4850920,4850920,"New Fairview",1258,1256,1255,1271,1280,1294,1308,1333,1367
1620000US4851012,4851012,"New Home",334,334,333,332,328,331,334,339,340
1620000US4851036,4851036,"New Hope",614,616,619,630,637,637,641,640,633
1620000US4851168,4851168,"New London",998,999,1000,1007,1011,1001,998,994,991
1620000US4851336,4851336,"New Summerfield",1111,1111,1113,1111,1108,1101,1100,1109,1114
1620000US4851372,4851372,"Newton",2478,2473,2471,2472,2445,2427,2420,2404,2402
1620000US4851396,4851396,"New Waverly",1032,1032,1038,1020,1021,1032,1043,1058,1081
1620000US4851444,4851444,"Neylandville",97,86,86,86,87,87,87,88,90
1620000US4851492,4851492,"Niederwald",565,543,544,549,553,563,568,577,584
1620000US4851588,4851588,"Nixon",2385,2385,2383,2376,2394,2420,2449,2465,2495
1620000US4851648,4851648,"Nocona",3033,3031,3030,3028,2996,2977,2971,2941,2963
1620000US4851708,4851708,"Nolanville",4259,4264,4297,4332,4435,4496,4595,4771,4953
1620000US4851720,4851720,"Nome",588,577,578,579,577,578,581,593,597
1620000US4851756,4851756,"Noonday",777,675,677,684,688,691,696,704,709
1620000US4851792,4851792,"Nordheim",307,307,307,310,313,313,316,318,319
1620000US4851840,4851840,"Normangee",685,685,684,686,682,678,682,695,701
1620000US4851984,4851984,"North Cleveland",247,247,247,246,249,250,255,260,267
1620000US4852212,4852212,"Northlake",1724,1725,1846,1867,1881,1896,1915,2231,2397
1620000US4852356,4852356,"North Richland Hills",63343,63343,63491,64331,65298,67269,68411,69043,69798
1620000US4852668,4852668,"Novice",139,139,139,137,136,134,132,131,132
1620000US4852902,4852902,"Oak Grove",603,565,568,575,585,597,609,625,646
1620000US4853115,4853115,"Oak Leaf",1298,1302,1306,1317,1316,1322,1347,1369,1395
1620000US4853130,4853130,"Oak Point",2786,2784,2814,2921,3011,3051,3175,3339,3763
1620000US4853154,4853154,"Oak Ridge town (Cooke County)",141,141,143,156,162,164,171,173,186
1620000US4853160,4853160,"Oak Ridge town (Kaufman County)",495,479,481,491,498,509,517,559,595
1620000US4853190,4853190,"Oak Ridge North",3049,3057,3068,3102,3128,3146,3165,3160,3167
1620000US4853217,4853217,"Oak Valley",368,366,366,369,368,366,373,374,375
1620000US4853232,4853232,"Oakwood",510,510,508,510,507,505,508,516,519
1620000US4853304,4853304,"O'Brien",106,106,106,108,106,107,104,104,102
1620000US4853376,4853376,"Odem",2389,2440,2425,2412,2436,2456,2489,2484,2436
1620000US4853388,4853388,"Odessa",99940,99876,99861,102227,106271,110680,115130,119189,117871
1620000US4853436,4853436,"O'Donnell",831,831,830,826,812,804,810,804,807
1620000US4853520,4853520,"Oglesby",484,486,487,488,488,478,471,469,459
1620000US4853824,4853824,"Old River-Winfree",1245,1246,1254,1257,1279,1297,1314,1319,1347
1620000US4853988,4853988,"Olmos Park",2237,2237,2245,2275,2299,2323,2363,2387,2418
1620000US4854000,4854000,"Olney",3285,3285,3282,3244,3235,3234,3202,3178,3166
1620000US4854012,4854012,"Olton",2215,2215,2219,2227,2209,2181,2154,2125,2114
1620000US4854024,4854024,"Omaha",1021,1031,1029,1020,1013,1011,1004,991,998
1620000US4854048,4854048,"Onalaska",1764,2495,2490,2481,2468,2452,2447,2499,2523
1620000US4854075,4854075,"Opdyke West",174,174,173,174,175,178,177,176,174
1620000US4854132,4854132,"Orange",18595,18608,18639,18689,18964,18902,18928,19377,19418
1620000US4854168,4854168,"Orange Grove",1318,1318,1320,1328,1344,1348,1337,1337,1324
1620000US4854192,4854192,"Orchard",352,351,355,368,385,391,395,396,395
1620000US4854216,4854216,"Ore City",1144,1143,1144,1155,1157,1150,1170,1186,1204
1620000US4854432,4854432,"Overton",2554,2554,2554,2571,2570,2548,2533,2523,2514
1620000US4854444,4854444,"Ovilla",3492,3482,3493,3515,3511,3523,3620,3853,3973
1620000US4854528,4854528,"Oyster Creek",1111,1106,1108,1109,1113,1116,1126,1126,1126
1620000US4854600,4854600,"Paducah",1186,1188,1189,1192,1171,1141,1128,1126,1103
1620000US4854636,4854636,"Paint Rock",273,273,272,277,269,273,268,274,287
1620000US4854684,4854684,"Palacios",4718,4718,4720,4704,4677,4661,4633,4638,4682
1620000US4854708,4854708,"Palestine",18712,18787,18789,18690,18637,18550,18391,18313,18383
1620000US4854726,4854726,"Palisades village",325,325,326,329,332,331,333,334,342
1620000US4854744,4854744,"Palmer",2000,2000,2010,2021,2017,2024,2037,2054,2071
1620000US4854780,4854780,"Palmhurst",2607,2543,2556,2583,2614,2638,2657,2677,2718
1620000US4854798,4854798,"Palm Valley",1304,1314,1317,1323,1319,1314,1309,1298,1292
1620000US4854804,4854804,"Palmview",5460,5460,5479,5528,5572,5600,5640,5693,5745
1620000US4854912,4854912,"Pampa",17994,17994,17927,18014,18224,18306,18366,18201,17762
1620000US4854960,4854960,"Panhandle",2452,2452,2445,2484,2394,2343,2356,2342,2370
1620000US4855008,4855008,"Panorama Village",2170,2170,2178,2204,2216,2237,2266,2288,2333
1620000US4855020,4855020,"Pantego",2394,2394,2399,2427,2459,2478,2500,2524,2544
1620000US4855056,4855056,"Paradise",441,442,442,448,452,457,461,468,478
1620000US4855080,4855080,"Paris",25171,25163,25172,25186,25116,24795,24916,24936,25005
1620000US4855152,4855152,"Parker",3811,3730,3761,3900,4033,4116,4273,4373,4420
1620000US4856000,4856000,"Pasadena",149043,149285,149525,151184,152421,153283,153937,153665,153351
1620000US4856108,4856108,"Pattison",472,476,478,484,486,495,508,531,560
1620000US4856156,4856156,"Patton Village",1557,1557,1571,1611,1655,1708,1772,1837,1893
1620000US4856276,4856276,"Payne Springs",767,765,766,765,767,760,766,767,771
1620000US4856348,4856348,"Pearland",91252,89910,90894,93244,96348,100012,103254,108726,113570
1620000US4856384,4856384,"Pearsall",9146,9150,9167,9285,9483,9703,9922,10051,10064
1620000US4856468,4856468,"Pecan Gap",203,198,198,197,200,196,197,197,197
1620000US4856485,4856485,"Pecan Hill",626,626,628,632,630,632,636,646,652
1620000US4856516,4856516,"Pecos",8780,8780,8796,8764,8876,9032,9278,9563,9666
1620000US4856640,4856640,"Pelican Bay",1547,1545,1548,1560,1578,1591,1609,1627,1647
1620000US4856672,4856672,"Penelope",198,198,198,199,198,196,196,197,198
1620000US4856696,4856696,"Penitas",4403,4366,4393,4475,4550,4644,4732,4807,4854
1620000US4856912,4856912,"Perryton",8802,8802,8759,8972,9082,9163,9183,9206,8870
1620000US4856996,4856996,"Petersburg",1202,1202,1204,1204,1203,1182,1141,1131,1131
1620000US4857044,4857044,"Petrolia",686,686,685,681,671,667,661,658,649
1620000US4857056,4857056,"Petronila",113,113,113,113,114,115,115,114,114
1620000US4857176,4857176,"Pflugerville",46936,48366,48714,50282,51934,53751,54613,57057,59245
1620000US4857200,4857200,"Pharr",70400,70467,70782,72036,73094,73939,75188,76237,77320
1620000US4857476,4857476,"Pilot Point",3856,4004,4016,4086,4137,4161,4216,4243,4269
1620000US4857524,4857524,"Pine Forest",487,487,489,492,494,496,499,503,508
1620000US4857608,4857608,"Pinehurst",2097,2097,2098,2099,2090,2083,2085,2081,2087
1620000US4857615,4857615,"Pine Island",988,977,982,988,992,1007,1035,1075,1100
1620000US4857644,4857644,"Pineland",850,855,857,847,828,816,811,812,808
1620000US4857800,4857800,"Piney Point Village",3125,3131,3139,3175,3226,3270,3342,3376,3391
1620000US4857908,4857908,"Pittsburg",4497,4534,4540,4539,4555,4547,4620,4649,4707
1620000US4857968,4857968,"Plains",1481,1481,1474,1506,1521,1548,1577,1610,1599
1620000US4857980,4857980,"Plainview",22194,22194,22230,22261,22224,21847,21061,20833,20859
1620000US4858016,4858016,"Plano",259841,259857,261285,267487,272833,275197,278346,283250,286057
1620000US4858088,4858088,"Pleak village",1044,1043,1057,1099,1147,1213,1285,1357,1430
1620000US4858280,4858280,"Pleasanton",8934,9416,9427,9552,9786,9961,10130,10291,10393
1620000US4858400,4858400,"Pleasant Valley",336,336,336,333,335,336,336,332,333
1620000US4858448,4858448,"Plum Grove",600,599,600,600,605,610,622,635,654
1620000US4858532,4858532,"Point",820,820,821,828,821,827,825,832,844
1620000US4858556,4858556,"Point Blank",688,688,690,700,703,699,706,713,723
1620000US4858568,4858568,"Point Comfort",737,737,735,732,736,737,726,724,721
1620000US4858586,4858586,"Point Venture village",800,800,805,829,856,860,873,901,919
1620000US4858664,4858664,"Ponder",1395,1391,1395,1420,1442,1450,1480,1525,1571
1620000US4858808,4858808,"Port Aransas",3480,3480,3492,3566,3667,3785,3875,3952,4054
1620000US4858820,4858820,"Port Arthur",53818,54376,54507,54905,54551,54702,54476,55294,55427
1620000US4858892,4858892,"Port Isabel",5006,5019,5029,5054,5049,5032,5015,5002,5019
1620000US4858904,4858904,"Portland",15099,15356,15296,15347,15626,15965,16160,16374,16618
1620000US4858916,4858916,"Port Lavaca",12248,12248,12209,12192,12282,12341,12402,12431,12400
1620000US4858940,4858940,"Port Neches",13040,13042,13018,12969,12827,12802,12757,12782,12809
1620000US4859012,4859012,"Post",5376,5376,5384,5467,5372,5340,5351,5325,5372
1620000US4859066,4859066,"Post Oak Bend City",595,611,614,619,625,632,642,662,685
1620000US4859084,4859084,"Poteet",3260,3270,3273,3292,3345,3369,3399,3432,3446
1620000US4859096,4859096,"Poth",1908,1908,1919,1948,1980,2030,2103,2163,2213
1620000US4859132,4859132,"Pottsboro",2160,2160,2165,2166,2181,2199,2217,2250,2306
1620000US4859168,4859168,"Powell",136,135,135,135,135,136,136,137,137
1620000US4859192,4859192,"Poynor",305,305,305,305,306,303,304,304,305
1620000US4859336,4859336,"Prairie View",5576,5571,5591,5786,5804,6151,6248,6365,6442
1620000US4859384,4859384,"Premont",2653,2653,2656,2667,2694,2681,2663,2652,2627
1620000US4859396,4859396,"Presidio",4426,4426,4459,4387,4282,4126,3988,3907,3959
1620000US4859540,4859540,"Primera",4070,4132,4146,4191,4200,4204,4270,4679,4749
1620000US4859576,4859576,"Princeton",6807,6691,6782,7201,7433,7696,8052,8822,9405
1620000US4859636,4859636,"Progreso",5507,5506,5534,5631,5715,5787,5843,5895,5923
1620000US4859642,4859642,"Progreso Lakes",240,239,240,242,247,250,250,250,252
1620000US4859696,4859696,"Prosper",9423,9520,9716,10637,11754,12978,14399,15926,18379
1620000US4859748,4859748,"Providence Village",(X),4812,4871,5134,5472,5858,6235,6599,6946
1620000US4859984,4859984,"Putnam",94,94,94,94,94,94,93,94,95
1620000US4859996,4859996,"Pyote",114,114,114,114,116,120,123,123,122
1620000US4860044,4860044,"Quanah",2641,2638,2648,2629,2585,2552,2496,2445,2478
1620000US4860080,4860080,"Queen City",1476,1480,1478,1482,1467,1476,1472,1472,1466
1620000US4860140,4860140,"Quinlan",1394,1386,1388,1392,1392,1392,1408,1430,1470
1620000US4860164,4860164,"Quintana",56,56,56,57,62,62,62,65,68
1620000US4860176,4860176,"Quitaque",411,411,410,414,393,388,386,377,370
1620000US4860188,4860188,"Quitman",1809,1809,1810,1807,1805,1808,1815,1824,1843
1620000US4860356,4860356,"Ralls",1944,1944,1940,1952,1951,1908,1877,1906,1904
1620000US4860544,4860544,"Rancho Viejo",2437,2432,2437,2468,2473,2486,2488,2481,2494
1620000US4860632,4860632,"Ranger",2468,2468,2469,2479,2467,2463,2473,2437,2456
1620000US4860668,4860668,"Rankin",778,778,777,763,758,780,800,838,848
1620000US4860672,4860672,"Ransom Canyon",1096,1096,1102,1109,1113,1114,1122,1130,1135
1620000US4860752,4860752,"Ravenna",209,209,209,209,208,207,208,206,209
1620000US4860836,4860836,"Raymondville",11284,11270,11306,11256,11241,11162,11109,11122,11173
1620000US4861172,4861172,"Red Lick",1008,1011,1011,1008,1004,1007,1006,1007,1007
1620000US4861196,4861196,"Red Oak",10769,10762,10816,10965,11053,11230,11543,11988,12522
1620000US4861340,4861340,"Redwater",1057,1058,1058,1055,1051,1061,1060,1071,1073
1620000US4861436,4861436,"Refugio",2890,2893,2882,2862,2834,2844,2877,2888,2876
1620000US4861508,4861508,"Reklaw",379,381,381,383,384,380,379,380,381
1620000US4861592,4861592,"Reno city (Lamar County)",3166,3170,3176,3214,3242,3224,3266,3287,3302
1620000US4861604,4861604,"Reno city (Parker and Tarrant Counties)",2494,2488,2494,2516,2539,2579,2636,2717,2792
1620000US4861616,4861616,"Retreat",377,366,369,376,377,378,380,384,388
1620000US4861700,4861700,"Rhome",1522,1527,1526,1551,1562,1575,1595,1632,1684
1620000US4861736,4861736,"Rice",923,910,911,911,909,918,919,942,947
1620000US4861796,4861796,"Richardson",99223,99228,99574,101687,103697,105156,109027,110540,113347
1620000US4861820,4861820,"Richland",264,264,264,264,266,264,264,266,266
1620000US4861844,4861844,"Richland Hills",7801,7787,7801,7875,7950,7983,8027,8080,8121
1620000US4861880,4861880,"Richland Springs",338,322,322,318,316,314,308,313,313
1620000US4861892,4861892,"Richmond",11679,11586,11614,11651,11701,11833,12007,12105,12092
1620000US4861904,4861904,"Richwood",3510,3512,3519,3576,3611,3658,3748,3825,3898
1620000US4862108,4862108,"Riesel",1007,1007,1010,1016,1015,1017,1019,1018,1018
1620000US4862138,4862138,"Rio Bravo",4794,4802,4814,4867,4898,4885,4853,4805,4749
1620000US4862168,4862168,"Rio Grande City",13834,13803,13846,13954,13997,14111,14248,14384,14483
1620000US4862180,4862180,"Rio Hondo",2356,2397,2404,2425,2425,2421,2423,2435,2613
1620000US4862240,4862240,"Rio Vista",873,869,872,874,885,906,913,929,944
1620000US4862252,4862252,"Rising Star",835,835,835,836,821,823,830,826,833
1620000US4862384,4862384,"River Oaks",7427,7416,7429,7501,7573,7617,7651,7699,7740
1620000US4862408,4862408,"Riverside",510,510,513,500,500,504,509,516,527
1620000US4862504,4862504,"Roanoke",5962,5962,6041,6303,6481,6662,6969,7374,7804
1620000US4862528,4862528,"Roaring Springs",234,234,234,236,232,232,223,222,225
1620000US4862564,4862564,"Robert Lee",1049,1049,1049,1042,1016,1007,1016,1015,1025
1620000US4862588,4862588,"Robinson",10509,10508,10579,10848,11057,11263,11406,11465,11493
1620000US4862600,4862600,"Robstown",11487,11487,11478,11518,11618,11711,11656,11569,11517
1620000US4862612,4862612,"Roby",643,643,640,641,623,624,624,625,626
1620000US4862636,4862636,"Rochester",324,324,323,329,325,326,318,318,312
1620000US4862672,4862672,"Rockdale",5595,5538,5521,5487,5372,5364,5504,5551,5628
1620000US4862804,4862804,"Rockport",8766,9366,9391,9530,9680,9923,10278,10447,10645
1620000US4862816,4862816,"Rocksprings",1182,1179,1177,1161,1163,1107,1113,1125,1124
1620000US4862828,4862828,"Rockwall",37490,37558,37972,39031,39850,40821,41622,42508,43586
1620000US4862870,4862870,"Rocky Mound",75,68,68,68,68,68,69,70,70
1620000US4862924,4862924,"Rogers",1218,1217,1223,1216,1224,1219,1209,1209,1212
1620000US4863008,4863008,"Rollingwood",1412,1412,1417,1460,1500,1506,1522,1541,1562
1620000US4863020,4863020,"Roma",9765,9765,9798,9881,9916,9993,10100,10190,10265
1620000US4863044,4863044,"Roman Forest",1538,1541,1565,1662,1750,1776,1810,1842,1870
1620000US4863140,4863140,"Ropesville",434,434,433,435,436,443,443,439,435
1620000US4863176,4863176,"Roscoe",1322,1334,1337,1327,1307,1319,1325,1323,1318
1620000US4863188,4863188,"Rosebud",1412,1431,1432,1438,1400,1392,1369,1366,1377
1620000US4863200,4863200,"Rose City",502,502,504,507,509,511,515,518,523
1620000US4863272,4863272,"Rose Hill Acres",441,441,441,445,442,441,444,445,445
1620000US4863284,4863284,"Rosenberg",30618,31876,32052,32518,32991,33741,34962,35912,36937
1620000US4863380,4863380,"Ross",283,283,284,285,285,286,286,285,285
1620000US4863404,4863404,"Rosser village",332,332,333,337,339,343,349,357,363
1620000US4863464,4863464,"Rotan",1508,1508,1500,1500,1452,1453,1449,1452,1451
1620000US4863476,4863476,"Round Mountain",181,164,164,164,165,165,164,166,171
1620000US4863500,4863500,"Round Rock",99887,100001,100774,103904,106628,109667,112840,116046,120892
1620000US4863524,4863524,"Round Top",90,90,91,92,91,92,92,93,93
1620000US4863572,4863572,"Rowlett",56199,56242,56350,56973,57672,57970,58280,60045,61999
1620000US4863584,4863584,"Roxton",650,650,650,651,649,641,644,643,645
1620000US4863668,4863668,"Royse City",9349,9384,9463,9706,9976,10283,10760,11436,12093
1620000US4863752,4863752,"Rule",636,636,634,645,638,640,625,624,613
1620000US4863782,4863782,"Runaway Bay",1286,1286,1289,1316,1338,1361,1382,1408,1467
1620000US4863788,4863788,"Runge",1031,1031,1031,1040,1067,1081,1088,1094,1096
1620000US4863848,4863848,"Rusk",5551,5553,5558,5592,5596,5588,5586,5557,5573
1620000US4864004,4864004,"Sabinal",1695,1695,1697,1705,1694,1700,1707,1704,1709
1620000US4864064,4864064,"Sachse",20329,20282,20426,21029,21553,21981,23598,24475,25039
1620000US4864088,4864088,"Sadler",343,349,349,348,349,351,352,356,362
1620000US4864112,4864112,"Saginaw",19806,19806,19913,20372,20858,21243,21672,22028,22526
1620000US4864172,4864172,"St. Hedwig",2094,2089,2099,2142,2186,2238,2288,2352,2406
1620000US4864184,4864184,"St. Jo",1043,1043,1042,1042,1030,1025,1024,1012,1018
1620000US4864220,4864220,"St. Paul",1066,1072,1077,1097,1119,1114,1131,1136,1130
1620000US4864268,4864268,"Salado village",2126,2117,2130,2124,2146,2134,2126,2129,2156
1620000US4864472,4864472,"San Angelo",93200,93227,93639,94611,96037,97356,99078,100291,100702
1620000US4865000,4865000,"San Antonio",1327407,1327538,1333952,1359002,1385250,1411652,1439150,1468037,1492510
1620000US4865024,4865024,"San Augustine",2108,2114,2109,2080,2096,2056,2008,1944,1924
1620000US4865036,4865036,"San Benito",24250,24264,24313,24491,24450,24447,24452,24405,24476
1620000US4865066,4865066,"Sanctuary",329,285,285,288,289,292,297,302,307
1620000US4865180,4865180,"San Diego",4488,4477,4459,4461,4446,4438,4416,4380,4382
1620000US4865344,4865344,"Sandy Oaks",(X),3755,3769,3816,3867,3927,4014,4087,4166
1620000US4865345,4865345,"Sandy Point",(X),207,207,209,212,214,218,222,226
1620000US4865360,4865360,"San Elizario",(X),9237,9252,9300,9314,9198,9130,9062,9000
1620000US4865372,4865372,"San Felipe",747,746,745,750,752,755,767,793,808
1620000US4865384,4865384,"Sanford",164,163,163,162,162,161,161,160,158
1620000US4865408,4865408,"Sanger",6916,6922,6971,7074,7158,7424,7598,7738,7991
1620000US4865516,4865516,"San Juan",33856,33856,34071,34700,35186,35603,36082,36426,36663
1620000US4865552,4865552,"San Leanna village",497,495,497,508,521,526,532,532,531
1620000US4865600,4865600,"San Marcos",44894,45145,45295,47746,50094,54596,59280,60650,61980
1620000US4865612,4865612,"San Patricio",395,390,388,386,391,394,396,395,386
1620000US4865636,4865636,"San Perlita",573,573,574,572,574,570,568,565,556
1620000US4865648,4865648,"San Saba",3099,3203,3203,3152,3112,2846,3019,3089,3087
1620000US4865660,4865660,"Sansom Park",4686,4680,4687,4727,4770,4793,4813,4842,4872
1620000US4865672,4865672,"Santa Anna",1099,1099,1097,1082,1074,1057,1043,1033,1045
1620000US4865690,4865690,"Santa Clara",725,697,699,702,710,715,722,729,732
1620000US4865726,4865726,"Santa Fe",12222,12347,12383,12397,12518,12651,12833,13003,13205
1620000US4865768,4865768,"Santa Rosa",2873,2873,2879,2899,2893,2894,2887,2864,2852
1620000US4866008,4866008,"Savoy",831,828,828,838,834,829,821,824,836
1620000US4866128,4866128,"Schertz",31465,31797,32120,33334,34908,35852,36884,37923,39453
1620000US4866188,4866188,"Schulenburg",2852,2853,2848,2891,2883,2887,2896,2914,2929
1620000US4866284,4866284,"Scotland",501,501,504,487,484,482,484,478,477
1620000US4866332,4866332,"Scottsville",376,359,359,362,361,359,360,359,358
1620000US4866368,4866368,"Scurry",681,669,672,678,684,692,703,721,737
1620000US4866392,4866392,"Seabrook",11952,11945,11994,12182,12438,12652,12777,13691,13656
1620000US4866416,4866416,"Seadrift",1364,1364,1365,1382,1407,1439,1447,1476,1503
1620000US4866428,4866428,"Seagoville",14835,14904,14960,15228,15448,15555,15690,15848,16093
1620000US4866440,4866440,"Seagraves",2417,2417,2423,2479,2535,2614,2680,2794,2820
1620000US4866464,4866464,"Sealy",6019,6121,6115,6177,6179,6219,6294,6430,6490
1620000US4866644,4866644,"Seguin",25175,25601,25698,26313,26704,27070,27496,27860,28614
1620000US4866704,4866704,"Selma",5540,5539,5647,6576,7145,7610,8478,9090,10088
1620000US4866764,4866764,"Seminole",6430,6475,6493,6660,6809,7003,7198,7531,7594
1620000US4866884,4866884,"Seven Oaks",111,112,112,113,114,114,115,117,119
1620000US4866908,4866908,"Seven Points",1455,1446,1448,1442,1445,1431,1443,1448,1460
1620000US4866968,4866968,"Seymour",2740,2740,2732,2730,2657,2649,2641,2701,2719
1620000US4867100,4867100,"Shady Shores",2612,2616,2632,2680,2744,2761,2800,2852,2866
1620000US4867136,4867136,"Shallowater",2484,2452,2463,2476,2480,2497,2510,2526,2546
1620000US4867160,4867160,"Shamrock",1910,1910,1904,1923,1972,2014,2001,1991,1946
1620000US4867268,4867268,"Shavano Park",3035,3039,3056,3131,3224,3319,3420,3524,3684
1620000US4867400,4867400,"Shenandoah",2134,2135,2149,2240,2389,2546,2657,2764,2876
1620000US4867424,4867424,"Shepherd",2319,2321,2328,2364,2390,2364,2387,2410,2418
1620000US4867496,4867496,"Sherman",38521,38340,38392,38915,39010,39267,39995,40694,41567
1620000US4867640,4867640,"Shiner",2069,2077,2075,2068,2091,2114,2131,2132,2137
1620000US4867688,4867688,"Shoreacres",1493,1490,1500,1527,1549,1571,1587,1598,1600
1620000US4867832,4867832,"Silsbee",6611,6599,6665,6715,6639,6696,6685,6689,6735
1620000US4867904,4867904,"Silverton",731,731,728,736,699,691,686,672,658
1620000US4867964,4867964,"Simonton",814,827,830,833,837,846,856,866,870
1620000US4868036,4868036,"Sinton",5665,5668,5635,5624,5676,5727,5753,5741,5617
1620000US4868120,4868120,"Skellytown",473,473,472,479,469,458,461,457,462
1620000US4868180,4868180,"Slaton",6121,6104,6127,6121,6092,6086,6076,6069,6062
1620000US4868300,4868300,"Smiley",549,549,549,548,553,560,565,567,575
1620000US4868456,4868456,"Smithville",3817,3817,3825,3869,3859,3907,3995,4080,4218
1620000US4868504,4868504,"Smyer",474,474,472,475,477,484,483,479,475
1620000US4868576,4868576,"Snook",511,511,512,512,514,507,509,517,522
1620000US4868624,4868624,"Snyder",11202,11201,11214,11181,11316,11497,11583,11742,11572
1620000US4868636,4868636,"Socorro",32013,32037,32129,32481,32811,32806,32934,33147,33277
1620000US4868708,4868708,"Somerset",1631,1631,1637,1660,1688,1715,1752,1781,1806
1620000US4868720,4868720,"Somerville",1376,1376,1378,1375,1377,1357,1370,1389,1422
1620000US4868756,4868756,"Sonora",3027,3029,2978,2943,2882,2933,2909,2857,2835
1620000US4868828,4868828,"Sour Lake",1813,1813,1815,1817,1832,1834,1830,1819,1832
1620000US4869020,4869020,"South Houston",16983,16995,17025,17177,17372,17474,17539,17527,17463
1620000US4869032,4869032,"Southlake",26575,26575,26664,27118,27713,28209,29064,29928,30991
1620000US4869104,4869104,"Southmayd",992,994,995,991,995,999,1003,1017,1033
1620000US4869120,4869120,"South Mountain",384,386,387,388,387,380,374,372,364
1620000US4869140,4869140,"South Padre Island",2816,2820,2832,2901,2898,2893,2882,2871,2874
1620000US4869272,4869272,"Southside Place",1715,1715,1721,1741,1768,1793,1818,1833,1837
1620000US4869476,4869476,"Spearman",3368,3368,3361,3347,3318,3336,3333,3377,3336
1620000US4869548,4869548,"Splendora",1615,1616,1630,1671,1715,1769,1837,1905,1964
1620000US4869560,4869560,"Spofford",95,95,95,95,96,95,93,94,94
1620000US4869764,4869764,"Springlake",108,108,108,109,108,106,105,103,103
1620000US4869800,4869800,"Springtown",2658,2655,2659,2677,2686,2705,2747,2804,2870
1620000US4869830,4869830,"Spring Valley Village",3715,3715,3732,3846,3944,4019,4136,4184,4224
1620000US4869848,4869848,"Spur",1318,1318,1318,1296,1258,1243,1206,1202,1196
1620000US4869908,4869908,"Stafford",17693,17722,17785,17902,17998,18182,18348,18433,18422
1620000US4869932,4869932,"Stagecoach",538,552,554,563,570,573,579,581,603
1620000US4869980,4869980,"Stamford",3124,3124,3125,3090,3042,3024,2980,2984,2984
1620000US4870040,4870040,"Stanton",2492,2492,2500,2558,2605,2758,2864,2976,2980
1620000US4870052,4870052,"Staples",267,267,268,269,272,274,277,278,278
1620000US4870076,4870076,"Star Harbor",444,444,446,449,450,447,452,454,460
1620000US4870208,4870208,"Stephenville",17123,17024,17032,17990,18330,18849,19773,20262,20607
1620000US4870232,4870232,"Sterling City",888,888,884,909,925,961,1054,1055,1062
1620000US4870340,4870340,"Stinnett",1881,1881,1877,1870,1871,1863,1861,1856,1831
1620000US4870376,4870376,"Stockdale",1442,1445,1449,1461,1483,1507,1529,1563,1596
1620000US4870544,4870544,"Stratford",2017,2017,2015,2021,2047,2065,2067,2068,2081
1620000US4870580,4870580,"Strawn",653,656,655,651,645,645,648,645,649
1620000US4870604,4870604,"Streetman",247,249,249,246,244,245,245,245,244
1620000US4870772,4870772,"Sudan",958,958,960,968,955,943,932,918,914
1620000US4870808,4870808,"Sugar Land",78817,78595,79113,80484,81806,83744,86715,87987,88177
1620000US4870868,4870868,"Sullivan City",4002,3998,4023,4051,4094,4109,4143,4173,4194
1620000US4870904,4870904,"Sulphur Springs",15449,15450,15468,15523,15565,15758,15942,16069,16162
1620000US4871060,4871060,"Sundown",1397,1397,1392,1399,1405,1429,1428,1420,1413
1620000US4871156,4871156,"Sunnyvale",5130,5168,5205,5411,5546,5702,5810,6081,6194
1620000US4871180,4871180,"Sunray",1926,1926,1935,1939,1961,1926,1918,1911,1913
1620000US4871228,4871228,"Sunrise Beach Village",713,713,715,691,699,713,718,733,759
1620000US4871324,4871324,"Sunset Valley",749,648,650,665,687,686,696,697,696
1620000US4871356,4871356,"Sun Valley",69,69,69,69,69,68,68,68,68
1620000US4871384,4871384,"Surfside Beach",482,482,482,488,496,514,530,544,561
1620000US4871492,4871492,"Sweeny",3684,3727,3727,3720,3732,3733,3773,3765,3766
1620000US4871540,4871540,"Sweetwater",10906,10911,10930,10846,10684,10788,10809,10800,10755
1620000US4871684,4871684,"Taft",3048,3048,3028,3013,3040,3068,3081,3093,3023
1620000US4871708,4871708,"Tahoka",2673,2673,2668,2657,2604,2564,2584,2556,2561
1620000US4871732,4871732,"Talco",516,516,517,514,515,513,511,512,504
1620000US4871756,4871756,"Talty",1535,1698,1705,1724,1743,1772,1824,1926,2115
1620000US4871924,4871924,"Tatum",1385,1385,1386,1397,1400,1387,1381,1376,1369
1620000US4871948,4871948,"Taylor",15191,15281,15385,15789,16096,16219,16480,16677,16857
1620000US4871960,4871960,"Taylor Lake Village",3544,3555,3564,3603,3635,3650,3661,3662,3641
1620000US4871966,4871966,"Taylor Landing",228,228,228,228,228,227,229,233,237
1620000US4872020,4872020,"Teague",3560,3557,3555,3521,3509,3546,3560,3561,3540
1620000US4872080,4872080,"Tehuacana",283,283,284,285,286,282,283,283,283
1620000US4872176,4872176,"Temple",66102,66275,66832,67422,69132,70019,70723,72239,73600
1620000US4872188,4872188,"Tenaha",1160,1157,1156,1169,1183,1176,1161,1153,1161
1620000US4872284,4872284,"Terrell",15816,15841,15905,15993,16117,16249,16537,16938,17329
1620000US4872296,4872296,"Terrell Hills",4878,4878,4897,4955,5032,5100,5218,5280,5373
1620000US4872368,4872368,"Texarkana",36411,36409,36485,36829,37166,37344,37308,37429,37679
1620000US4872392,4872392,"Texas City",45099,45091,45309,45213,45653,46026,46563,47541,48262
1620000US4872464,4872464,"Texhoma",346,346,345,343,345,346,342,338,336
1620000US4872476,4872476,"Texline",507,508,511,509,519,521,525,524,518
1620000US4872530,4872530,"The Colony",36328,36308,36525,37071,39000,39356,41297,41643,42408
1620000US4872578,4872578,"The Hills village",2472,2444,2453,2510,2563,2562,2565,2564,2553
1620000US4872740,4872740,"Thompsons",246,218,221,231,240,254,269,285,299
1620000US4872776,4872776,"Thorndale",1336,1294,1291,1289,1261,1264,1262,1272,1293
1620000US4872788,4872788,"Thornton",526,526,528,530,531,525,527,525,527
1620000US4872800,4872800,"Thorntonville",476,476,474,477,485,501,514,515,508
1620000US4872824,4872824,"Thrall",839,838,843,867,884,892,905,919,928
1620000US4872872,4872872,"Three Rivers",1848,1848,1850,1842,1861,1906,1948,1967,1940
1620000US4872896,4872896,"Throckmorton",828,828,823,827,810,810,812,787,774
1620000US4872989,4872989,"Tiki Island village",968,968,971,973,979,989,1005,1024,1049
1620000US4873030,4873030,"Timbercreek Canyon village",418,418,419,426,431,433,438,445,452
1620000US4873076,4873076,"Timpson",1155,1155,1154,1167,1181,1174,1159,1150,1157
1620000US4873112,4873112,"Tioga",803,809,814,817,820,823,835,872,936
1620000US4873124,4873124,"Tira",297,297,297,298,298,296,299,302,303
1620000US4873196,4873196,"Toco",75,75,75,75,75,74,74,74,74
1620000US4873224,4873224,"Todd Mission",107,107,107,108,108,108,109,110,111
1620000US4873268,4873268,"Tolar",681,683,686,697,710,722,775,827,885
1620000US4873316,4873316,"Tomball",10753,10691,10709,10888,11041,11099,11408,11582,11643
1620000US4873328,4873328,"Tom Bean",1045,1041,1042,1036,1037,1039,1043,1055,1072
1620000US4873352,4873352,"Tool",2240,2235,2238,2242,2254,2236,2259,2264,2277
1620000US4873496,4873496,"Toyah",90,90,90,90,91,93,96,99,100
1620000US4873580,4873580,"Trent",337,337,338,339,341,340,342,343,341
1620000US4873592,4873592,"Trenton",635,642,642,640,636,631,632,628,639
1620000US4873652,4873652,"Trinidad",886,886,887,884,884,874,877,876,877
1620000US4873664,4873664,"Trinity",2697,2787,2793,2783,2721,2729,2704,2750,2750
1620000US4873710,4873710,"Trophy Club",8024,8030,8185,8841,9655,10463,11238,11738,12166
1620000US4873724,4873724,"Troup",1869,1865,1871,1888,1900,1905,1930,1962,1982
1620000US4873748,4873748,"Troy",1645,1639,1650,1666,1700,1718,1744,1835,1915
1620000US4873868,4873868,"Tulia",4967,4967,4988,4952,4974,4894,4795,4747,4717
1620000US4873964,4873964,"Turkey",421,421,421,417,413,402,390,393,396
1620000US4874048,4874048,"Tuscola",742,740,742,741,744,739,742,745,740
1620000US4874132,4874132,"Tye",1242,1242,1245,1244,1249,1245,1256,1264,1258
1620000US4874144,4874144,"Tyler",96900,96887,97234,98159,99237,100213,102120,103480,104798
1620000US4874216,4874216,"Uhland",1014,1014,1015,1024,1031,1047,1058,1075,1087
1620000US4874240,4874240,"Uncertain",94,94,94,95,95,94,94,94,94
1620000US4874312,4874312,"Union Grove",357,359,359,363,364,361,366,366,370
1620000US4874372,4874372,"Union Valley",307,311,311,313,313,314,327,341,365
1620000US4874408,4874408,"Universal City",18530,18530,18600,18892,19183,19407,19739,19960,20359
1620000US4874492,4874492,"University Park",23068,23068,23109,23398,23798,24012,24357,24681,24905
1620000US4874588,4874588,"Uvalde",15751,15752,15779,15862,16112,16270,16451,16412,16540
1620000US4874648,4874648,"Valentine",134,134,134,131,132,127,125,124,125
1620000US4874732,4874732,"Valley Mills",1203,1203,1206,1210,1195,1178,1168,1179,1187
1620000US4874756,4874756,"Valley View",757,757,757,761,765,756,759,766,777
1620000US4874912,4874912,"Van",2632,2631,2637,2646,2642,2648,2660,2684,2729
1620000US4874924,4874924,"Van Alstyne",3046,3046,3052,3050,3071,3098,3214,3344,3599
1620000US4875032,4875032,"Van Horn",2063,2063,2064,2048,1987,1975,1949,1926,1896
1620000US4875188,4875188,"Vega",884,884,884,901,886,911,902,895,906
1620000US4875236,4875236,"Venus",2960,2933,2949,2989,3042,3094,3189,3267,3444
1620000US4875308,4875308,"Vernon",11002,11002,10975,10918,10773,10684,10522,10582,10461
1620000US4875428,4875428,"Victoria",62592,62614,62661,63092,64300,65108,66122,67465,67670
1620000US4875476,4875476,"Vidor",10579,10701,10712,10740,10927,10899,10940,10947,10958
1620000US4875668,4875668,"Vinton village",1971,1985,1987,2001,2010,1993,1988,1985,1984
1620000US4875752,4875752,"Volente village",520,520,524,543,562,568,573,579,589
1620000US4875764,4875764,"Von Ormy",1085,1085,1089,1101,1116,1133,1157,1177,1198
1620000US4876000,4876000,"Waco",124805,124810,125420,126521,127664,129155,130019,132001,134432
1620000US4876024,4876024,"Waelder",1065,1065,1064,1063,1072,1085,1098,1105,1123
1620000US4876096,4876096,"Wake Village",5492,5492,5495,5485,5467,5486,5475,5474,5455
1620000US4876228,4876228,"Waller",2326,2330,2340,2356,2365,2394,2444,2515,2767
1620000US4876240,4876240,"Wallis",1252,1252,1252,1263,1262,1265,1271,1293,1298
1620000US4876348,4876348,"Walnut Springs",827,827,829,829,823,809,804,809,826
1620000US4876576,4876576,"Warren City",298,298,301,300,299,297,295,298,297
1620000US4876636,4876636,"Waskom",2160,2158,2159,2177,2173,2160,2168,2172,2168
1620000US4876672,4876672,"Watauga",23497,23497,23550,23781,24024,24174,24318,24488,24629
1620000US4876816,4876816,"Waxahachie",29621,29603,29795,30328,31023,31660,32374,33245,34345
1620000US4876864,4876864,"Weatherford",25250,25657,25874,26244,26863,27403,28165,29043,29969
1620000US4876924,4876924,"Webberville village",392,369,370,385,399,405,411,419,429
1620000US4876948,4876948,"Webster",10400,10624,10644,10790,10903,11047,11111,11120,11075
1620000US4877020,4877020,"Weimar",2151,2151,2152,2140,2138,2130,2132,2160,2170
1620000US4877044,4877044,"Weinert",172,172,171,175,172,173,169,169,166
1620000US4877056,4877056,"Weir",450,453,456,467,476,479,486,496,500
1620000US4877152,4877152,"Wellington",2189,2189,2188,2213,2161,2211,2149,2156,2153
1620000US4877164,4877164,"Wellman",203,203,203,201,202,203,204,203,204
1620000US4877176,4877176,"Wells",790,790,791,795,795,790,787,811,814
1620000US4877272,4877272,"Weslaco",35670,36847,37050,37906,38251,38543,38935,39355,40033
1620000US4877332,4877332,"West",2807,2807,2816,2827,2821,2694,2792,2877,2880
1620000US4877380,4877380,"Westbrook",253,253,253,253,250,252,254,253,248
1620000US4877416,4877416,"West Columbia",3905,3905,3903,3901,3907,3907,3936,3930,3933
1620000US4877620,4877620,"Westlake",992,994,999,1026,1072,1101,1202,1268,1379
1620000US4877632,4877632,"West Lake Hills",3063,3076,3089,3185,3253,3256,3283,3381,3386
1620000US4877740,4877740,"Weston",563,294,295,301,304,303,309,314,315
1620000US4877746,4877746,"Weston Lakes",2482,2482,2515,2621,2738,2896,3069,3238,3410
1620000US4877752,4877752,"West Orange",3443,3443,3452,3456,3462,3449,3457,3457,3456
1620000US4877788,4877788,"Westover Hills",682,663,664,672,682,689,698,700,707
1620000US4877896,4877896,"West Tawakoni",1576,1746,1749,1755,1766,1775,1794,1812,1852
1620000US4877956,4877956,"West University Place",14787,14560,14591,14784,15013,15169,15365,15488,15516
1620000US4878076,4878076,"Westworth Village",2472,2472,2480,2504,2539,2590,2629,2698,2722
1620000US4878136,4878136,"Wharton",8832,8885,8885,8846,8802,8759,8722,8773,8785
1620000US4878208,4878208,"Wheeler",1592,1592,1588,1605,1640,1675,1666,1659,1625
1620000US4878316,4878316,"White Deer",1000,1000,997,1013,994,973,976,966,989
1620000US4878328,4878328,"Whiteface",449,449,451,440,433,430,418,421,412
1620000US4878388,4878388,"Whitehouse",7660,7686,7713,7812,7890,7947,8053,8164,8269
1620000US4878436,4878436,"White Oak",6469,6472,6490,6464,6462,6401,6314,6336,6364
1620000US4878532,4878532,"Whitesboro",3793,3793,3802,3796,3821,3839,3847,3904,3973
1620000US4878544,4878544,"White Settlement",16116,16116,16159,16389,16586,16744,16878,17035,17204
1620000US4878628,4878628,"Whitewright",1604,1604,1606,1599,1605,1613,1616,1633,1656
1620000US4878664,4878664,"Whitney",2087,2085,2090,2113,2096,2088,2086,2077,2090
1620000US4879000,4879000,"Wichita Falls",104553,104724,104844,104122,104845,105305,105762,104493,104724
1620000US4879036,4879036,"Wickett",498,498,495,497,505,522,536,536,529
1620000US4879408,4879408,"Willis",5662,5891,5909,5955,5998,6146,6283,6318,6370
1620000US4879492,4879492,"Willow Park",3982,3962,3986,4089,4170,4429,4707,4971,5146
1620000US4879564,4879564,"Wills Point",3524,3522,3526,3534,3498,3501,3518,3549,3608
1620000US4879576,4879576,"Wilmer",3682,3721,3727,3770,3812,3863,3884,3959,4018
1620000US4879612,4879612,"Wilson",489,489,488,486,480,473,477,473,474
1620000US4879624,4879624,"Wimberley",2626,2626,2638,2651,2662,2702,2765,2871,2983
1620000US4879672,4879672,"Windcrest",5364,5364,5396,5500,5563,5634,5722,5789,5858
1620000US4879684,4879684,"Windom",199,199,199,199,199,198,198,197,199
1620000US4879696,4879696,"Windthorst",409,409,411,398,396,394,394,390,389
1620000US4879720,4879720,"Winfield",524,524,525,524,526,525,523,523,515
1620000US4879768,4879768,"Wink",940,940,936,944,969,1003,1029,1058,1046
1620000US4879816,4879816,"Winnsboro",3434,3252,3269,3302,3329,3306,3322,3315,3343
1620000US4879828,4879828,"Winona",576,576,578,583,587,589,592,597,602
1620000US4879876,4879876,"Winters",2562,2564,2565,2578,2543,2502,2529,2557,2534
1620000US4879919,4879919,"Wixon Valley",254,254,255,255,255,253,254,257,258
1620000US4879948,4879948,"Wolfe City",1412,1413,1415,1413,1410,1391,1403,1416,1447
1620000US4879972,4879972,"Wolfforth",3670,3655,3689,3789,3892,3989,4100,4249,4417
1620000US4880044,4880044,"Woodbranch",1282,1279,1286,1309,1326,1341,1361,1373,1380
1620000US4880058,4880058,"Woodcreek",1457,1461,1468,1475,1474,1472,1487,1535,1582
1620000US4880144,4880144,"Woodloch",207,207,208,210,212,213,214,214,215
1620000US4880176,4880176,"Woodsboro",1512,1512,1507,1497,1483,1487,1502,1494,1484
1620000US4880188,4880188,"Woodson",264,264,263,264,258,258,259,251,246
1620000US4880212,4880212,"Woodville",2586,2586,2584,2555,2509,2502,2484,2469,2476
1620000US4880224,4880224,"Woodway",8452,8458,8490,8558,8585,8640,8752,8758,8835
1620000US4880296,4880296,"Wortham",1073,1076,1075,1062,1049,1026,1026,1024,1018
1620000US4880356,4880356,"Wylie",41427,41411,41759,43283,44390,44911,45890,46631,47701
1620000US4880440,4880440,"Yantis",388,388,388,389,388,390,391,394,398
1620000US4880560,4880560,"Yoakum",5815,5813,5805,5839,5898,5925,5965,6010,6019
1620000US4880584,4880584,"Yorktown",2092,2092,2086,2128,2135,2129,2155,2162,2164
1620000US4880728,4880728,"Zavalla",713,713,714,715,710,709,710,712,712
